CSO_LEA,Census Year,Sex,A_12-17,A_18-54,A_55-64,A_65-70,A_>71,Population
ADARE-RATHKEALE,2022,Females,1158,5974,1897,1511,1166,11706
ADARE-RATHKEALE,2022,Males,1342,5768,1925,1544,977,11556
ARDEE,2022,Females,1300,5874,1517,1068,916,10675
ARDEE,2022,Males,1385,5685,1617,1132,761,10580
ARKLOW,2022,Females,1299,6074,1703,1250,892,11218
ARKLOW,2022,Males,1365,5748,1763,1260,835,10971
ARTANE-WHITEHALL,2022,Females,1823,11734,3082,2186,3148,21973
ARTANE-WHITEHALL,2022,Males,1817,11079,2841,1797,2097,19631
ASHBOURNE,2022,Females,1560,7683,1627,1295,779,12944
ASHBOURNE,2022,Males,1617,7453,1603,1228,723,12624
ATHENRY-ORANMORE,2022,Females,1646,7833,1899,1315,1071,13764
ATHENRY-ORANMORE,2022,Males,1754,7636,1947,1318,881,13536
ATHLONE,2022,Females,977,4463,1302,923,733,8398
ATHLONE,2022,Males,1017,4273,1337,963,611,8201
ATHLONE_WESTMEATH,2022,Females,869,5409,1364,1099,863,9604
ATHLONE_WESTMEATH,2022,Males,928,5388,1309,1071,723,9419
ATHY,2022,Females,1363,6359,1558,1130,854,11264
ATHY,2022,Males,1456,6068,1681,1180,688,11073
BAILIEBOROUGH-COOTEHILL,2022,Females,1168,5361,1543,1172,909,10153
BAILIEBOROUGH-COOTEHILL,2022,Males,1223,5369,1630,1202,773,10197
BALBRIGGAN,2022,Females,2045,9722,1894,1423,919,16003
BALBRIGGAN,2022,Males,2258,8684,1866,1343,701,14852
BALLINA,2022,Females,1027,5184,1672,1417,1155,10455
BALLINA,2022,Males,1151,4950,1642,1404,1004,10151
BALLINAMORE,2022,Females,448,2126,698,625,454,4351
BALLINAMORE,2022,Males,471,2021,780,667,411,4350
BALLINASLOE,2022,Females,1220,5830,1856,1588,1443,11937
BALLINASLOE,2022,Males,1211,5722,1891,1628,1221,11673
BALLYBAY-CLONES,2022,Females,838,3616,1029,880,664,7027
BALLYBAY-CLONES,2022,Males,888,3736,1112,942,612,7290
BALLYFERMOT-DRIMNAGH,2022,Females,1655,11391,2820,2106,1786,19758
BALLYFERMOT-DRIMNAGH,2022,Males,1769,11578,2697,1971,1085,19100
BALLYJAMESDUFF,2022,Females,1362,5936,1531,1107,905,10841
BALLYJAMESDUFF,2022,Males,1418,5769,1660,1202,835,10884
BALLYMAHON,2022,Females,756,3995,953,749,560,7013
BALLYMAHON,2022,Males,842,3925,987,782,497,7033
BALLYMOTE-TOBERCURRY,2022,Females,1258,5565,1904,1512,1244,11483
BALLYMOTE-TOBERCURRY,2022,Males,1332,5338,1875,1567,1103,11215
BALLYMUN-FINGLAS,2022,Females,2210,13145,3281,2251,2513,23400
BALLYMUN-FINGLAS,2022,Males,2331,12182,2996,2032,1618,21159
BALTINGLASS,2022,Females,1273,5963,1748,1218,945,11147
BALTINGLASS,2022,Males,1341,5668,1749,1254,921,10933
BANDON-KINSALE,2022,Females,1879,8687,2323,1670,1471,16030
BANDON-KINSALE,2022,Males,2015,8344,2448,1733,1156,15696
BANTRY-WEST CORK,2022,Females,879,4426,1927,1489,1232,9953
BANTRY-WEST CORK,2022,Males,982,4323,1859,1611,1090,9865
BELMULLET,2022,Females,473,2264,912,908,753,5310
BELMULLET,2022,Males,463,2217,920,980,699,5279
BIRR,2022,Females,1049,5435,1641,1453,1089,10667
BIRR,2022,Males,1236,5423,1738,1379,1013,10789
BLACKROCK,2022,Females,1159,7259,2280,1635,1994,14327
BLACKROCK,2022,Males,1310,6793,1881,1401,1329,12714
BLANCHARDSTOWN-MULHUDDART,2022,Females,1998,10732,1270,810,539,15349
BLANCHARDSTOWN-MULHUDDART,2022,Males,2091,10138,1298,680,416,14623
BORRIS-IN-OSSORY-MOUNTMELLICK,2022,Females,1232,5589,1559,1178,963,10521
BORRIS-IN-OSSORY-MOUNTMELLICK,2022,Males,1229,5339,1600,1221,799,10188
BOYLE,2022,Females,986,4694,1629,1417,1119,9845
BOYLE,2022,Males,1008,4610,1659,1488,1001,9766
BRAY EAST,2022,Females,568,3934,1110,1026,921,7559
BRAY EAST,2022,Males,671,3714,1017,854,721,6977
BRAY WEST,2022,Females,866,4335,1314,870,623,8008
BRAY WEST,2022,Males,842,3772,1235,773,492,7114
BUNCRANA,2022,Females,1152,4672,1358,996,806,8984
BUNCRANA,2022,Males,1181,4579,1322,985,742,8809
CABRA-GLASNEVIN,2022,Females,1456,16053,3393,2404,2502,25808
CABRA-GLASNEVIN,2022,Males,1600,16980,3286,2216,1629,25711
CAHIR,2022,Females,683,3102,953,741,606,6085
CAHIR,2022,Males,669,3159,963,822,513,6126
CALLAN-THOMASTOWN,2022,Females,1209,5455,1727,1284,1042,10717
CALLAN-THOMASTOWN,2022,Males,1320,5264,1750,1348,911,10593
CAPPAMORE-KILMALLOCK,2022,Females,1630,7423,2088,1881,1451,14473
CAPPAMORE-KILMALLOCK,2022,Males,1844,7431,2198,1970,1290,14733
CARLOW,2022,Females,1014,5783,1300,1008,848,9953
CARLOW,2022,Males,1062,5661,1293,917,675,9608
CARNDONAGH,2022,Females,847,3458,1054,972,723,7054
CARNDONAGH,2022,Males,901,3269,1003,955,680,6808
CARRICK-ON-SHANNON,2022,Females,511,2669,717,646,513,5056
CARRICK-ON-SHANNON,2022,Males,550,2544,696,625,434,4849
CARRICK-ON-SUIR,2022,Females,876,4050,1328,967,876,8097
CARRICK-ON-SUIR,2022,Males,947,3901,1381,1100,701,8030
CARRICKMACROSS-CASTLEBLAYNEY,2022,Females,1076,4936,1254,975,843,9084
CARRICKMACROSS-CASTLEBLAYNEY,2022,Males,1090,5022,1230,1001,694,9037
CARRIGALINE,2022,Females,1804,8912,2239,1568,1037,15560
CARRIGALINE,2022,Males,1932,8211,2246,1458,837,14684
CASHEL-TIPPERARY,2022,Females,1205,6038,1767,1418,1230,11658
CASHEL-TIPPERARY,2022,Males,1279,5835,1843,1462,1007,11426
CASTLEBAR,2022,Females,1322,6740,2116,1665,1282,13125
CASTLEBAR,2022,Males,1338,6413,2012,1666,1070,12499
CASTLECOMER,2022,Females,1035,5031,1578,1149,959,9752
CASTLECOMER,2022,Males,1174,4939,1631,1289,872,9905
CASTLEISLAND,2022,Females,828,3653,1167,985,725,7358
CASTLEISLAND,2022,Males,739,3642,1175,1017,621,7194
CASTLEKNOCK,2022,Females,1862,10912,2588,2205,1351,18918
CASTLEKNOCK,2022,Males,1912,10731,2236,1909,1077,17865
CAVAN-BELTURBET,2022,Females,1180,5887,1569,1273,1005,10914
CAVAN-BELTURBET,2022,Males,1189,5781,1565,1275,843,10653
CELBRIDGE,2022,Females,1020,5180,1402,930,452,8984
CELBRIDGE,2022,Males,1054,5099,1324,907,353,8737
CLANE,2022,Females,1495,7167,1691,1112,715,12180
CLANE,2022,Males,1549,6713,1751,1154,697,11864
CLAREMORRIS,2022,Females,1214,5978,1755,1491,1362,11800
CLAREMORRIS,2022,Males,1276,5951,1792,1471,1093,11583
CLONDALKIN,2022,Females,2118,12496,2613,1960,1313,20500
CLONDALKIN,2022,Males,2366,12003,2394,1818,1016,19597
CLONMEL,2022,Females,1010,5403,1623,1301,1022,10359
CLONMEL,2022,Males,1129,5101,1534,1193,862,9819
CLONTARF,2022,Females,1721,12952,3621,2793,2844,23931
CLONTARF,2022,Males,1816,12399,3328,2470,1877,21890
COBH,2022,Females,1733,8552,1885,1399,995,14564
COBH,2022,Males,1832,8156,1959,1369,890,14206
CONAMARA NORTH,2022,Females,772,3501,1266,1156,782,7477
CONAMARA NORTH,2022,Males,770,3277,1257,1238,789,7331
CONAMARA SOUTH,2022,Females,1018,4876,1545,1227,923,9589
CONAMARA SOUTH,2022,Males,1052,4509,1536,1232,839,9168
CORCA DHUIBHNE,2022,Females,611,3000,1041,881,636,6169
CORCA DHUIBHNE,2022,Males,566,2886,1019,970,586,6027
CORK CITY NORTH EAST,2022,Females,1709,10436,2447,1803,1511,17906
CORK CITY NORTH EAST,2022,Males,1675,10600,2337,1718,1214,17544
CORK CITY NORTH WEST,2022,Females,1524,9799,2492,1941,1564,17320
CORK CITY NORTH WEST,2022,Males,1574,9567,2393,1876,1182,16592
CORK CITY SOUTH CENTRAL,2022,Females,885,10015,2136,1385,1468,15889
CORK CITY SOUTH CENTRAL,2022,Males,958,10380,2171,1464,1026,15999
CORK CITY SOUTH EAST,2022,Females,1705,10442,2987,1963,1895,18992
CORK CITY SOUTH EAST,2022,Males,1771,9835,2744,1706,1347,17403
CORK CITY SOUTH WEST,2022,Females,1735,11612,2827,2281,2280,20735
CORK CITY SOUTH WEST,2022,Males,1708,10858,2517,1981,1667,18731
DONAGHMEDE,2022,Females,1677,11166,2420,1917,2194,19374
DONAGHMEDE,2022,Males,1676,10555,2304,1637,1663,17835
DONEGAL,2022,Females,1119,5521,1940,1605,1340,11525
DONEGAL,2022,Males,1221,5270,1753,1650,1127,11021
DROGHEDA RURAL,2022,Females,1102,4659,956,648,491,7856
DROGHEDA RURAL,2022,Males,1170,4134,1008,647,399,7358
DROGHEDA URBAN,2022,Females,1140,6458,1687,1259,1192,11736
DROGHEDA URBAN,2022,Males,1144,6244,1723,1134,844,11089
DUNDALK SOUTH,2022,Females,1637,8580,2044,1551,1202,15014
DUNDALK SOUTH,2022,Males,1689,8138,1852,1447,986,14112
DUNDALK-CARLINGFORD,2022,Females,1177,5623,1483,1179,1096,10558
DUNDALK-CARLINGFORD,2022,Males,1183,5257,1526,1168,778,9912
DUNDRUM,2022,Females,1082,6782,1864,1595,1852,13175
DUNDRUM,2022,Males,1097,6663,1737,1306,1284,12087
DUNGARVAN,2022,Females,925,4723,1414,1115,907,9084
DUNGARVAN,2022,Males,1052,4380,1357,1086,784,8659
DÚN LAOGHAIRE,2022,Females,1664,10242,3054,2356,2718,20034
DÚN LAOGHAIRE,2022,Males,1714,9402,2651,2075,1869,17711
EDENDERRY,2022,Females,1169,5564,1379,930,766,9808
EDENDERRY,2022,Males,1276,5489,1421,1020,620,9826
ENNIS,2022,Females,1455,7753,2056,1492,1301,14057
ENNIS,2022,Males,1506,7083,1907,1335,979,12810
ENNISCORTHY,2022,Females,1243,6310,1840,1351,1119,11863
ENNISCORTHY,2022,Males,1224,6064,1751,1412,948,11399
ENNISTIMON,2022,Females,701,3760,1247,1045,776,7529
ENNISTIMON,2022,Males,706,3381,1275,1008,699,7069
FERMOY,2022,Females,1798,8444,2067,1721,1484,15514
FERMOY,2022,Males,1832,8134,2262,1746,1213,15187
FIRHOUSE-BOHERNABREENA,2022,Females,1660,8749,2201,1567,801,14978
FIRHOUSE-BOHERNABREENA,2022,Males,1730,8129,1925,1321,675,13780
GALWAY CITY CENTRAL,2022,Females,572,7200,1375,1259,1028,11434
GALWAY CITY CENTRAL,2022,Males,637,7032,1227,1097,772,10765
GALWAY CITY EAST,2022,Females,1013,7067,1269,893,824,11066
GALWAY CITY EAST,2022,Males,1050,7039,1190,778,542,10599
GALWAY CITY WEST,2022,Females,1038,6647,1514,1075,966,11240
GALWAY CITY WEST,2022,Males,1024,5711,1273,859,631,9498
GLENCULLEN-SANDYFORD,2022,Females,1823,12356,2273,1702,1481,19635
GLENCULLEN-SANDYFORD,2022,Males,1854,11668,2051,1402,1164,18139
GLENTIES,2022,Females,981,4751,1900,1492,1455,10579
GLENTIES,2022,Males,1033,4454,1814,1591,1259,10151
GOREY,2022,Females,1403,6932,1795,1316,1069,12515
GOREY,2022,Males,1537,6420,1677,1293,827,11754
GORT-KINVARA,2022,Females,1179,5672,1536,1043,801,10231
GORT-KINVARA,2022,Males,1304,5375,1507,1081,691,9958
GRAIGUECULLEN-PORTARLINGTON,2022,Females,1522,6960,1632,1126,802,12042
GRAIGUECULLEN-PORTARLINGTON,2022,Males,1626,6595,1706,1148,724,11799
GRANARD,2022,Females,527,2284,650,561,451,4473
GRANARD,2022,Males,517,2352,727,613,392,4601
GREYSTONES,2022,Females,1431,6949,1732,1265,1059,12436
GREYSTONES,2022,Males,1487,6316,1548,1118,798,11267
HOWTH-MALAHIDE,2022,Females,2746,15398,4045,3345,3051,28585
HOWTH-MALAHIDE,2022,Males,2902,14380,3657,2850,2581,26370
Ireland,2022,Females,210864,1153657,293505,224365,186366,2068757
Ireland,2022,Males,220358,1113622,286330,216663,148921,1985894
KANTURK,2022,Females,1064,5308,1585,1494,1111,10562
KANTURK,2022,Males,1090,5344,1677,1421,995,10527
KELLS,2022,Females,1538,7157,2098,1513,1244,13550
KELLS,2022,Males,1587,6982,2248,1610,1047,13474
KENMARE,2022,Females,1083,5429,1852,1670,1280,11314
KENMARE,2022,Males,1107,5147,1881,1701,1139,10975
KILDARE,2022,Females,1373,7110,1410,1110,759,11762
KILDARE,2022,Males,1425,6700,1413,1011,674,11223
KILKENNY,2022,Females,1182,6803,1886,1329,1171,12371
KILKENNY,2022,Males,1244,6395,1623,1302,820,11384
KILLALOE,2022,Females,1052,4576,1426,980,744,8778
KILLALOE,2022,Males,1146,4364,1472,1056,690,8728
KILLARNEY,2022,Females,1209,6873,1928,1439,1163,12612
KILLARNEY,2022,Males,1392,6726,1808,1376,958,12260
KILLINEY-SHANKILL,2022,Females,1556,8613,2577,1954,1859,16559
KILLINEY-SHANKILL,2022,Males,1555,8078,2178,1681,1408,14900
KILMUCKRIDGE,2022,Females,844,3876,1247,853,598,7418
KILMUCKRIDGE,2022,Males,870,3604,1215,887,564,7140
KILRUSH,2022,Females,1011,4177,1584,1293,1033,9098
KILRUSH,2022,Males,962,4064,1560,1421,929,8936
KIMMAGE-RATHMINES,2022,Females,1738,15813,3245,2609,2317,25722
KIMMAGE-RATHMINES,2022,Males,1596,14990,3075,2254,1568,23483
KINNEGAD,2022,Females,1075,4994,1409,919,791,9188
KINNEGAD,2022,Males,1226,4898,1442,968,626,9160
LAYTOWN-BETTYSTOWN,2022,Females,2020,9585,1936,1354,1040,15935
LAYTOWN-BETTYSTOWN,2022,Males,2124,9005,1971,1273,868,15241
LEIXLIP,2022,Females,657,3632,973,988,482,6732
LEIXLIP,2022,Males,645,3716,782,916,470,6529
LETTERKENNY,2022,Females,1442,7415,1754,1156,940,12707
LETTERKENNY,2022,Males,1518,7112,1614,1146,766,12156
LIFFORD-STRANORLAR,2022,Females,1145,5662,1574,1287,997,10665
LIFFORD-STRANORLAR,2022,Males,1320,5366,1553,1280,886,10405
LIMERICK CITY EAST,2022,Females,1487,8901,2005,1622,1270,15285
LIMERICK CITY EAST,2022,Males,1647,8841,1979,1481,976,14924
LIMERICK CITY NORTH,2022,Females,1359,8087,2186,1737,1646,15015
LIMERICK CITY NORTH,2022,Males,1259,7762,2002,1622,1155,13800
LIMERICK CITY WEST,2022,Females,1356,9471,1908,1412,1162,15309
LIMERICK CITY WEST,2022,Males,1412,9552,1942,1365,854,15125
LISMORE,2022,Females,481,2275,762,580,512,4610
LISMORE,2022,Males,519,2216,827,577,444,4583
LISTOWEL,2022,Females,1201,5712,1972,1707,1467,12059
LISTOWEL,2022,Males,1233,5605,1949,1835,1229,11851
LONGFORD,2022,Females,796,3797,955,768,687,7003
LONGFORD,2022,Males,834,3553,931,750,522,6590
LOUGHREA,2022,Females,1110,5416,1487,1164,1019,10196
LOUGHREA,2022,Males,1159,5133,1532,1169,897,9890
LUCAN,2022,Females,2846,14107,2336,1375,837,21501
LUCAN,2022,Males,2929,13434,2415,1194,667,20639
MACROOM,2022,Females,1745,8280,2309,1769,1369,15472
MACROOM,2022,Males,1833,8293,2496,1817,1121,15560
MALLOW,2022,Females,1472,6892,1675,1309,1230,12578
MALLOW,2022,Males,1564,6539,1765,1338,900,12106
MANORHAMILTON,2022,Females,503,2363,761,604,507,4738
MANORHAMILTON,2022,Males,559,2257,771,639,448,4674
MAYNOOTH,2022,Females,1360,8326,1533,1057,753,13029
MAYNOOTH,2022,Males,1787,8287,1569,981,634,13258
MIDLETON,2022,Females,2390,11309,2598,1982,1681,19960
MIDLETON,2022,Males,2469,10441,2696,1979,1325,18910
MILFORD,2022,Females,623,2932,913,766,642,5876
MILFORD,2022,Males,663,2810,894,770,609,5746
MOATE,2022,Females,911,4306,1236,917,764,8134
MOATE,2022,Males,952,4070,1294,1020,655,7991
MONAGHAN,2022,Females,1021,4809,1510,1095,897,9332
MONAGHAN,2022,Males,1066,4735,1410,1101,693,9005
MUINEBEAG,2022,Females,685,3411,1070,797,627,6590
MUINEBEAG,2022,Males,729,3439,1021,850,568,6607
MULLINGAR,2022,Females,1168,6439,1564,1214,955,11340
MULLINGAR,2022,Males,1223,6049,1430,1050,734,10486
NAAS,2022,Females,1954,10980,2429,1653,1191,18207
NAAS,2022,Males,1933,10547,2424,1489,919,17312
NAVAN,2022,Females,1964,9304,1826,1301,967,15362
NAVAN,2022,Males,1974,8954,1836,1157,791,14712
NENAGH,2022,Females,996,4916,1447,1084,987,9430
NENAGH,2022,Males,990,4708,1398,1129,831,9056
NEW ROSS,2022,Females,1306,6254,1861,1459,1154,12034
NEW ROSS,2022,Males,1361,5990,1862,1502,1077,11792
NEWBRIDGE,2022,Females,1842,8764,2066,1340,1032,15044
NEWBRIDGE,2022,Males,1923,8399,1932,1242,847,14343
NEWCASTLE WEST,2022,Females,1102,5869,1783,1487,1294,11535
NEWCASTLE WEST,2022,Males,1222,5871,1843,1633,1082,11651
NEWPORT,2022,Females,859,3676,1033,762,592,6922
NEWPORT,2022,Males,898,3564,1093,776,519,6850
NORTH INNER CITY,2022,Females,1721,21327,2507,1551,948,28054
NORTH INNER CITY,2022,Males,1772,24016,2869,1663,770,31090
ONGAR,2022,Females,2214,11262,1819,1073,365,16733
ONGAR,2022,Males,2375,10677,1767,927,241,15987
PALMERSTOWN-FONTHILL,2022,Females,986,4862,1448,1214,701,9211
PALMERSTOWN-FONTHILL,2022,Males,1003,4505,1302,1017,549,8376
PEMBROKE,2022,Females,1127,12188,2347,1884,2120,19666
PEMBROKE,2022,Males,1173,11546,2056,1670,1407,17852
PILTOWN,2022,Females,982,4894,1253,974,919,9022
PILTOWN,2022,Males,1122,4807,1308,972,715,8924
PORTLAOISE,2022,Females,1639,7715,1698,1171,886,13109
PORTLAOISE,2022,Males,1671,8141,1817,1249,711,13589
PORTLAW-KILMACTHOMAS,2022,Females,828,3773,1157,873,659,7290
PORTLAW-KILMACTHOMAS,2022,Males,905,3625,1205,945,657,7337
RATHFARNHAM-TEMPLEOGUE,2022,Females,1831,10412,3679,3430,3163,22515
RATHFARNHAM-TEMPLEOGUE,2022,Males,1835,10008,3257,2910,2314,20324
RATOATH,2022,Females,1830,8945,2149,1429,942,15295
RATOATH,2022,Males,1833,8590,2173,1357,793,14746
ROSCOMMON,2022,Females,1021,4854,1548,1299,1194,9916
ROSCOMMON,2022,Males,1050,4983,1533,1288,1005,9859
ROSCREA-TEMPLEMORE,2022,Females,720,3491,1026,844,720,6801
ROSCREA-TEMPLEMORE,2022,Males,776,3493,1095,844,612,6820
ROSSLARE,2022,Females,1041,4897,1656,1239,966,9799
ROSSLARE,2022,Males,1069,4528,1524,1263,910,9294
RUSH-LUSK,2022,Females,2095,9579,2051,1179,877,15781
RUSH-LUSK,2022,Males,2153,8863,2082,1155,711,14964
SHANNON,2022,Females,1332,6932,1729,1461,1096,12550
SHANNON,2022,Males,1416,6667,1730,1387,932,12132
SKIBBEREEN-WEST CORK,2022,Females,1363,6622,2212,1702,1527,13426
SKIBBEREEN-WEST CORK,2022,Males,1392,6523,2132,1738,1212,12997
SLIGO-DRUMCLIFF,2022,Females,810,3882,1267,1060,751,7770
SLIGO-DRUMCLIFF,2022,Males,838,3547,1181,1026,656,7248
SLIGO-STRANDHILL,2022,Females,757,5052,1389,1163,1066,9427
SLIGO-STRANDHILL,2022,Males,810,4825,1255,1021,734,8645
SOUTH EAST INNER CITY,2022,Females,1080,12411,1740,1192,793,17216
SOUTH EAST INNER CITY,2022,Males,967,13042,1959,1241,615,17824
SOUTH WEST INNER CITY,2022,Females,878,12825,1731,1152,1005,17591
SOUTH WEST INNER CITY,2022,Males,958,13571,1804,1170,703,18206
STILLORGAN,2022,Females,1175,6933,1922,1623,1676,13329
STILLORGAN,2022,Males,1175,6306,1776,1357,1197,11811
SWINFORD,2022,Females,733,3317,1355,1126,944,7475
SWINFORD,2022,Males,721,3323,1290,1215,837,7386
SWORDS,2022,Females,1911,12184,2604,1492,1088,19279
SWORDS,2022,Males,2058,12003,2330,1437,799,18627
TALLAGHT CENTRAL,2022,Females,1216,8072,1767,2299,1462,14816
TALLAGHT CENTRAL,2022,Males,1204,8208,1514,1924,1216,14066
TALLAGHT SOUTH,2022,Females,2403,11306,1667,1247,420,17043
TALLAGHT SOUTH,2022,Males,2453,9963,1473,1070,354,15313
THURLES,2022,Females,927,3955,1255,1089,958,8184
THURLES,2022,Males,827,3878,1283,1078,710,7776
TRALEE,2022,Females,1444,7789,2321,1774,1509,14837
TRALEE,2022,Males,1474,7288,2251,1667,1232,13912
TRAMORE-WATERFORD CITY WEST,2022,Females,1074,5528,1496,1100,892,10090
TRAMORE-WATERFORD CITY WEST,2022,Males,1063,5409,1530,1069,728,9799
TRIM,2022,Females,1622,7395,1826,1230,1020,13093
TRIM,2022,Males,1656,7058,1882,1303,795,12694
TUAM,2022,Females,1612,7606,1970,1602,1294,14084
TUAM,2022,Males,1743,7375,2022,1599,1151,13890
TULLAMORE,2022,Females,1339,6732,1863,1331,1147,12412
TULLAMORE,2022,Males,1443,6428,1763,1339,871,11844
TULLOW,2022,Females,959,4414,1239,902,650,8164
TULLOW,2022,Males,946,4142,1205,918,544,7755
WATERFORD CITY EAST,2022,Females,1100,5233,1611,1164,1114,10222
WATERFORD CITY EAST,2022,Males,1087,4935,1508,1097,856,9483
WATERFORD CITY SOUTH,2022,Females,1022,5886,1364,1079,969,10320
WATERFORD CITY SOUTH,2022,Males,1022,5625,1340,1056,769,9812
WESTPORT,2022,Females,783,4218,1374,1139,833,8347
WESTPORT,2022,Males,814,3778,1290,1120,694,7696
WEXFORD,2022,Females,1214,6891,2101,1585,1443,13234
WEXFORD,2022,Males,1297,6451,1927,1473,1095,12243
WICKLOW,2022,Females,1461,7331,1912,1335,1068,13107
WICKLOW,2022,Males,1535,6881,1796,1318,845,12375
