CSO_LEA,TOTPOP22
ADARE-RATHKEALE,"29,311.00"
ARDEE,"27,034.00"
ARKLOW,"27,866.00"
ARTANE-WHITEHALL,"52,137.00"
ASHBOURNE,"33,516.00"
ATHENRY-ORANMORE,"35,105.00"
ATHLONE-LEA 5,"24,308.00"
ATHLONE-LEA 6,"21,130.00"
ATHY,"28,641.00"
BAILIEBOROUGH-COOTEHILL,"26,209.00"
BALBRIGGAN,"40,476.00"
BALLINA,"25,858.00"
BALLINAMORE,"10,879.00"
BALLINASLOE,"29,855.00"
BALLYBAY-CLONES,"18,421.00"
BALLYFERMOT-DRIMNAGH,"48,563.00"
BALLYJAMESDUFF,"27,980.00"
BALLYMAHON,"17,922.00"
BALLYMOTE-TOBERCURRY,"28,449.00"
BALLYMUN-FINGLAS,"56,305.00"
BALTINGLASS,"28,041.00"
BANDON-KINSALE,"40,387.00"
BANTRY-WEST CORK,"24,030.00"
BELMULLET,"12,683.00"
BIRR,"27,004.00"
BLACKROCK,"34,280.00"
BLANCHARDSTOWN-MULHUDDART,"40,022.00"
BORRIS-IN-OSSORY-MOUNTMELLICK,"26,452.00"
BOYLE,"24,421.00"
BRAY EAST,"17,728.00"
BRAY WEST,"19,144.00"
BUNCRANA,"22,618.00"
CABRA-GLASNEVIN,"63,073.00"
CAHIR,"15,387.00"
CALLAN-THOMASTOWN,"26,818.00"
CAPPAMORE-KILMALLOCK,"36,500.00"
CARLOW,"25,168.00"
CARNDONAGH,"17,736.00"
CARRICK-ON-SHANNON,"12,634.00"
CARRICK-ON-SUIR,"20,191.00"
CARRICKMACROSS-CASTLEBLAYNEY,"23,469.00"
CARRIGALINE,"39,145.00"
CASHEL-TIPPERARY,"29,145.00"
CASTLEBAR,"32,080.00"
CASTLECOMER,"24,863.00"
CASTLEISLAND,"18,033.00"
CASTLEKNOCK,"47,149.00"
CAVAN-BELTURBET,"27,515.00"
CELBRIDGE,"22,718.00"
CLANE,"31,210.00"
CLAREMORRIS,"29,336.00"
CLONDALKIN,"52,878.00"
CLONMEL,"25,003.00"
CLONTARF,"56,957.00"
COBH,"37,214.00"
CONAMARA NORTH,"18,053.00"
CONAMARA SOUTH,"23,345.00"
CORCA DHUIBHNE,"14,971.00"
CORK CITY NORTH EAST,"44,235.00"
CORK CITY NORTH WEST,"42,306.00"
CORK CITY SOUTH CENTRAL,"41,000.00"
CORK CITY SOUTH EAST,"45,400.00"
CORK CITY SOUTH WEST,"51,063.00"
DONAGHMEDE,"47,080.00"
DONEGAL,"27,924.00"
DROGHEDA RURAL,"19,845.00"
DROGHEDA URBAN,"28,537.00"
DÚN LAOGHAIRE,"46,603.00"
DUNDALK SOUTH,"38,195.00"
DUNDALK-CARLINGFORD,"26,092.00"
DUNDRUM,"31,861.00"
DUNGARVAN,"22,335.00"
EDENDERRY,"25,188.00"
ENNIS,"33,952.00"
ENNISCORTHY,"29,314.00"
ENNISTIMON,"18,052.00"
FERMOY,"38,935.00"
FIRHOUSE-BOHERNABREENA,"37,643.00"
GALWAY CITY CENTRAL,"29,705.00"
GALWAY CITY EAST,"28,091.00"
GALWAY CITY WEST,"26,618.00"
GLENCULLEN-SANDYFORD,"48,568.00"
GLENTIES,"25,152.00"
GOREY,"31,140.00"
GORT-KINVARA,"25,923.00"
GRAIGUECULLEN-PORTARLINGTON,"30,822.00"
GRANARD,"11,500.00"
GREYSTONES,"30,479.00"
HOWTH-MALAHIDE,"69,960.00"
KANTURK,"26,577.00"
KELLS,"34,575.00"
KENMARE,"27,161.00"
KILDARE,"29,759.00"
KILKENNY,"29,653.00"
KILLALOE,"21,871.00"
KILLARNEY,"31,086.00"
KILLINEY-SHANKILL,"39,352.00"
KILMUCKRIDGE,"18,399.00"
KILRUSH,"22,289.00"
KIMMAGE-RATHMINES,"59,788.00"
KINNEGAD,"23,368.00"
LAYTOWN-BETTYSTOWN,"40,660.00"
LEIXLIP,"16,755.00"
LETTERKENNY,"32,266.00"
LIFFORD-STRANORLAR,"26,863.00"
LIMERICK CITY EAST,"39,653.00"
LIMERICK CITY NORTH,"36,385.00"
LIMERICK CITY WEST,"38,654.00"
LISMORE,"11,403.00"
LISTOWEL,"29,285.00"
LONGFORD,"17,329.00"
LOUGHREA,"25,498.00"
LUCAN,"55,785.00"
MACROOM,"39,847.00"
MALLOW,"31,507.00"
MANORHAMILTON,"11,686.00"
MAYNOOTH,"35,202.00"
MIDLETON,"49,539.00"
MILFORD,"14,525.00"
MOATE,"20,385.00"
MONAGHAN,"23,398.00"
MUINEBEAG,"16,575.00"
MULLINGAR,"28,160.00"
NAAS,"46,011.00"
NAVAN,"39,294.00"
NENAGH,"23,354.00"
NEW ROSS,"29,946.00"
NEWBRIDGE,"37,478.00"
NEWCASTLE WEST,"29,033.00"
NEWPORT,"17,525.00"
NORTH INNER CITY,"74,708.00"
ONGAR,"43,905.00"
PALMERSTOWN-FONTHILL,"22,142.00"
PEMBROKE,"45,663.00"
PILTOWN,"22,826.00"
PORTLAOISE,"34,603.00"
PORTLAW-KILMACTHOMAS,"18,414.00"
RATHFARNHAM-TEMPLEOGUE,"52,805.00"
RATOATH,"39,326.00"
ROSCOMMON,"24,708.00"
ROSCREA-TEMPLEMORE,"17,310.00"
ROSSLARE,"23,573.00"
RUSH-LUSK,"40,255.00"
SHANNON,"31,774.00"
SKIBBEREEN-WEST CORK,"32,971.00"
SLIGO-DRUMCLIFF,"18,817.00"
SLIGO-STRANDHILL,"22,932.00"
SOUTH EAST INNER CITY,"43,586.00"
SOUTH WEST INNER CITY,"44,853.00"
STILLORGAN,"33,196.00"
SWINFORD,"18,066.00"
SWORDS,"48,739.00"
TALLAGHT CENTRAL,"36,178.00"
TALLAGHT SOUTH,"43,644.00"
THURLES,"19,980.00"
TRALEE,"35,922.00"
TRAMORE-WATERFORD CITY WEST,"24,803.00"
TRIM,"33,455.00"
TUAM,"35,544.00"
TULLAMORE,"30,958.00"
TULLOW,"20,225.00"
WATERFORD CITY EAST,"24,397.00"
WATERFORD CITY SOUTH,"26,011.00"
WESTPORT,"19,947.00"
WEXFORD,"31,547.00"
WICKLOW,"32,593.00"
