"CSO_LEA","Census Year","p_age_12to17","p_age_18to54","p_age_55to64","p_age_65to70","p_age_71plus","Population"
"ADARE-RATHKEALE",2022,0.107471412604247,0.504771730719629,0.164302295589373,0.13133006620239,0.0921244948843608,23262
"ARDEE",2022,0.126323218066337,0.543824982357092,0.147447659374265,0.103505057633498,0.0788990825688073,21255
"ARKLOW",2022,0.120059488935959,0.532786515841183,0.156203524268782,0.113119113074046,0.0778313578800306,22189
"ARTANE-WHITEHALL",2022,0.0874915873473704,0.548336698394385,0.142366118642438,0.0957359869243342,0.126069608691472,41604
"ASHBOURNE",2022,0.124256883604506,0.591989987484355,0.126329787234043,0.0986780350438048,0.0587453066332916,25568
"ATHENRY-ORANMORE",2022,0.124542124542125,0.566630036630037,0.140879120879121,0.0964468864468864,0.0715018315018315,27300
"ATHLONE",2022,0.120127718537261,0.526296764865353,0.158985481053076,0.113621302488102,0.0809687330562082,16599
"ATHLONE_WESTMEATH",2022,0.0944645954896704,0.567576092099038,0.140514114492982,0.114072438626925,0.0833727592913841,19023
"ATHY",2022,0.126203160675113,0.55634149617227,0.145006043783856,0.103415857098088,0.069033442270672,22337
"BAILIEBOROUGH-COOTEHILL",2022,0.117493857493857,0.527272727272727,0.155921375921376,0.116658476658477,0.0826535626535626,20350
"BALBRIGGAN",2022,0.139458758710096,0.596532166585643,0.121860314373683,0.0896451142440447,0.0525036460865338,30855
"BALLINA",2022,0.105697369698146,0.491798505289721,0.160826943608658,0.136901873240804,0.104775308162671,20606
"BALLINAMORE",2022,0.105620043673141,0.47661188369153,0.169865532697391,0.148488679462131,0.0994138604758074,8701
"BALLINASLOE",2022,0.10296484540449,0.489284201609487,0.158703939008895,0.136213468869123,0.112833545108005,23610
"BALLYBAY-CLONES",2022,0.120555982398547,0.513515401271216,0.149542501920793,0.12726129775791,0.0891248166515331,14317
"BALLYFERMOT-DRIMNAGH",2022,0.0881157033300736,0.591100931597097,0.141978485768696,0.104920479695301,0.0738843996088322,38858
"BALLYJAMESDUFF",2022,0.127963176064442,0.538780207134637,0.146881472957422,0.106283084004603,0.0800920598388953,21725
"BALLYMAHON",2022,0.113769044567849,0.56386159760786,0.138117613555461,0.108999003274954,0.0752527409938773,14046
"BALLYMOTE-TOBERCURRY",2022,0.114106969777073,0.480350691690898,0.166490439686316,0.135650718124945,0.103401180720768,22698
"BALLYMUN-FINGLAS",2022,0.101909827419825,0.568392468412666,0.14086940909805,0.0961197513409188,0.0927085437285397,44559
"BALTINGLASS",2022,0.11838768115942,0.526766304347826,0.158378623188406,0.11195652173913,0.0845108695652174,22080
"BANDON-KINSALE",2022,0.122738447960663,0.536815230410389,0.150381390657505,0.107262182437118,0.0828027485343252,31726
"BANTRY-WEST CORK",2022,0.0939045312342315,0.441467352911495,0.191038449894036,0.156423453426178,0.11716621253406,19818
"BELMULLET",2022,0.088393616016621,0.423174992917178,0.173009727075267,0.178298234016432,0.137123429974502,10589
"BIRR",2022,0.10649701715138,0.506058911260254,0.157485085756898,0.131991051454139,0.0979679343773304,21456
"BLACKROCK",2022,0.0913057949040346,0.519655338190156,0.153877445360748,0.112273954365593,0.122887467179468,27041
"BLANCHARDSTOWN-MULHUDDART",2022,0.136427332176698,0.69631656212465,0.0856799679701054,0.049713065527826,0.0318630722007207,29972
"BORRIS-IN-OSSORY-MOUNTMELLICK",2022,0.118837220532136,0.527693273455985,0.152542372881356,0.115843353131489,0.0850837799990342,20709
"BOYLE",2022,0.101677629901586,0.474427617153638,0.167661006577941,0.148131150884708,0.108102595482127,19611
"BRAY EAST",2022,0.0852366538249862,0.526141992294992,0.146326362135388,0.129334067143643,0.112960924600991,14536
"BRAY WEST",2022,0.112948022748314,0.536106335140854,0.16856235947626,0.10864964951726,0.0737336331173125,15122
"BUNCRANA",2022,0.131118979373911,0.519923565447086,0.150621030742427,0.111335918619682,0.0870005058168943,17793
"CABRA-GLASNEVIN",2022,0.0593179215435082,0.641180923542771,0.129641491488577,0.0896756536423455,0.0801840097827986,51519
"CAHIR",2022,0.11071984276472,0.512734419785439,0.156907706166571,0.127999344853001,0.0916386864302678,12211
"CALLAN-THOMASTOWN",2022,0.118676677616143,0.503003284842797,0.16316283435007,0.123510089160019,0.0916471140309714,21310
"CAPPAMORE-KILMALLOCK",2022,0.118948161336712,0.508594124494967,0.146750667671027,0.131856467849072,0.093850578648223,29206
"CARLOW",2022,0.106129543479372,0.585041664536578,0.132559685087674,0.0984101017330402,0.0778590051633352,19561
"CARNDONAGH",2022,0.126100129851392,0.485283508873178,0.148391285528784,0.139013129418554,0.101211946328091,13862
"CARRICK-ON-SHANNON",2022,0.107117617364967,0.526299848561333,0.142655224634023,0.128319030792529,0.0956082786471479,9905
"CARRICK-ON-SUIR",2022,0.113040243070627,0.493024121039251,0.167979165374837,0.128170149438829,0.0977863210764556,16127
"CARRICKMACROSS-CASTLEBLAYNEY",2022,0.119529827272226,0.549528171734452,0.137078527675073,0.109044754704487,0.084818718613763,18121
"CARRIGALINE",2022,0.123528633778601,0.566161883348763,0.148293876471366,0.100052903055151,0.0619627033461182,30244
"CASHEL-TIPPERARY",2022,0.107607000519841,0.514338936059608,0.15638537515162,0.124761739733148,0.0969069485357824,23084
"CASTLEBAR",2022,0.103808929128942,0.513307836403372,0.161098969715891,0.129995316890415,0.09178894786138,25624
"CASTLECOMER",2022,0.11237727018365,0.507198453477133,0.163249732919571,0.124027064150176,0.0931474792694714,19657
"CASTLEISLAND",2022,0.107682792743266,0.501305662451897,0.160940076965366,0.137575590984057,0.0924958768554151,14552
"CASTLEKNOCK",2022,0.102601745371503,0.58839681374548,0.131147540983607,0.111845145855422,0.0660087540439877,36783
"CAVAN-BELTURBET",2022,0.109843742755135,0.541011730885149,0.145314601010804,0.118143459915612,0.0856864654333009,21567
"CELBRIDGE",2022,0.11703628463405,0.580046272783703,0.153828790700299,0.103662321539417,0.0454263303425315,17721
"CLANE",2022,0.12660123107636,0.577274995840958,0.143154217268341,0.0942438862086175,0.0587256696057228,24044
"CLAREMORRIS",2022,0.106487619210538,0.510156951631527,0.15169139973485,0.126673224137194,0.104990805285891,23383
"CLONDALKIN",2022,0.111828815123326,0.610993341147717,0.124872184951493,0.0942215128313839,0.0580841459460808,40097
"CLONMEL",2022,0.106006541778174,0.520566954108435,0.156457528000793,0.12359996035286,0.0933690157597383,20178
"CLONTARF",2022,0.077191680670435,0.553261604940966,0.151655354531765,0.114859998690557,0.103031361166277,45821
"COBH",2022,0.123913799096281,0.580743830378867,0.133611400764685,0.0962113312478276,0.0655196385123392,28770
"CONAMARA NORTH",2022,0.104132901134522,0.457725553754727,0.170380875202593,0.161669367909238,0.10609130199892,14808
"CONAMARA SOUTH",2022,0.110358799381564,0.500346537292744,0.164258676760676,0.131097723516554,0.0939382630484619,18757
"CORCA DHUIBHNE",2022,0.0965070514922926,0.482617251557888,0.168907838635618,0.151771072482781,0.10019678583142,12196
"CORK CITY NORTH EAST",2022,0.0954583921015515,0.593399153737659,0.134950634696756,0.0993229901269393,0.0768688293370945,35450
"CORK CITY NORTH WEST",2022,0.0913540929464496,0.571066289219155,0.144049304081151,0.112556027364945,0.0809742863882991,33912
"CORK CITY SOUTH CENTRAL",2022,0.0577960361264425,0.639582288008028,0.135066482689413,0.0893439538384345,0.0782112393376819,31888
"CORK CITY SOUTH EAST",2022,0.0955076246737189,0.557136969363924,0.157466684984201,0.100810550899849,0.0890781700783075,36395
"CORK CITY SOUTH WEST",2022,0.0872396493184007,0.569350833628946,0.135407692697512,0.107991689048802,0.10001013530634,39466
"DONAGHMEDE",2022,0.0901126071649332,0.583756618022521,0.126958531538069,0.0955145260555242,0.103657717218952,37209
"DONEGAL",2022,0.103787811585204,0.478621484964073,0.163798456488956,0.144371507140956,0.109420739820811,22546
"DROGHEDA RURAL",2022,0.149336137767845,0.577954515577757,0.129091626133824,0.0851189693703168,0.0584987511502563,15214
"DROGHEDA URBAN",2022,0.100065717415115,0.556495071193866,0.149397590361446,0.104841182913472,0.0892004381161008,22825
"DUNDALK SOUTH",2022,0.114193504085697,0.573988875918423,0.133763647600082,0.102932088168647,0.075121884227151,29126
"DUNDALK-CARLINGFORD",2022,0.115290669272106,0.531509526135808,0.146995603321935,0.114655593551539,0.0915486077186126,20470
"DUNDRUM",2022,0.086256036735017,0.532222310189217,0.142546116697015,0.114836513340195,0.124139023038556,25262
"DUNGARVAN",2022,0.111424223637491,0.513047398974243,0.156174265907682,0.124048920701122,0.0953051907794623,17743
"DÚN LAOGHAIRE",2022,0.0894952973903828,0.520439793350113,0.15114584713207,0.117393032189694,0.12152602993774,37745
"EDENDERRY",2022,0.124528878476113,0.562952022002648,0.142609758582052,0.0993175104410716,0.0705918304981155,19634
"ENNIS",2022,0.110209550749991,0.552201585588268,0.147504373394871,0.105222019577921,0.0848624706889493,26867
"ENNISCORTHY",2022,0.106052789957871,0.531940503825982,0.154371937064741,0.118777405210214,0.0888573639411916,23262
"ENNISTIMON",2022,0.0963830661734484,0.489176599534183,0.172763392245513,0.14063570352103,0.101041238525825,14598
"FERMOY",2022,0.118237190970978,0.539982410996384,0.141005178984398,0.112927917657405,0.0878473013908342,30701
"FIRHOUSE-BOHERNABREENA",2022,0.117880242019612,0.586897558940121,0.143473120522985,0.10042422977954,0.0513248487377425,28758
"GALWAY CITY CENTRAL",2022,0.0544619126987702,0.641109959908104,0.117212487048966,0.106130906797603,0.0810847335465562,22199
"GALWAY CITY EAST",2022,0.0952227094391876,0.651096238172167,0.113501038541426,0.0771290099238403,0.0630510039233787,21665
"GALWAY CITY WEST",2022,0.0994309962387887,0.595910888224515,0.134390973092873,0.093258752049378,0.077008390394445,20738
"GLENCULLEN-SANDYFORD",2022,0.0973420871498915,0.635993011065813,0.114470270556467,0.0821729231746704,0.0700217080531583,37774
"GLENTIES",2022,0.0971538832609744,0.444042450554752,0.179160636758321,0.148721659430777,0.130921369995176,20730
"GOREY",2022,0.12114219786559,0.550166879558284,0.143063167003173,0.107503399398409,0.0781243561745437,24269
"GORT-KINVARA",2022,0.122987765614939,0.547179156966665,0.150725642676705,0.105205805141414,0.0739016296002774,20189
"GRAIGUECULLEN-PORTARLINGTON",2022,0.132041441214714,0.568558365840359,0.14001090558282,0.0953819051214295,0.0640073822406778,23841
"GRANARD",2022,0.11505400044082,0.51091029314525,0.151752259202116,0.12938064800529,0.0929027992065241,9074
"GREYSTONES",2022,0.123106779732523,0.559633801628486,0.138379108129773,0.100535797156478,0.0783445133527402,23703
"HOWTH-MALAHIDE",2022,0.102774997725412,0.541861523064325,0.140151032663088,0.112728596124102,0.102483850423073,54955
"Ireland",2022,0.106352433292039,0.559179815969365,0.143004909670401,0.108770890515608,0.0826919505525876,4054651
"KANTURK",2022,0.102138555645123,0.505097444165205,0.154677794110674,0.138223718526246,0.0998624875527526,21089
"KELLS",2022,0.115637951450562,0.523201598579041,0.160820011841326,0.115563943161634,0.0847764949674363,27024
"KENMARE",2022,0.0982547444927991,0.474494145093993,0.167481717439096,0.151240522230697,0.108528870743416,22289
"KILDARE",2022,0.12173156406352,0.600826626060474,0.122819229932565,0.0922775723297803,0.0623450076136611,22985
"KILKENNY",2022,0.102125868238266,0.555588297200589,0.147716270258893,0.110755630393601,0.0838139339086508,23755
"KILLALOE",2022,0.125556951902205,0.510682051867931,0.16554324231692,0.116302981834799,0.0819147720781446,17506
"KILLARNEY",2022,0.104575426182052,0.546759408169829,0.150209070440656,0.113179478932133,0.0852766162753297,24872
"KILLINEY-SHANKILL",2022,0.0988906195365396,0.530563590705363,0.151149114720748,0.11554722019136,0.10384945484599,31459
"KILMUCKRIDGE",2022,0.117735952740761,0.513806841599121,0.169116636900673,0.119521912350598,0.0798186564088474,14558
"KILRUSH",2022,0.109404458245536,0.456970167461462,0.174337362759233,0.15049351225463,0.108794499279139,18034
"KIMMAGE-RATHMINES",2022,0.0677573417335637,0.626013616502388,0.128442231480541,0.0988314195711818,0.078955390712326,49205
"KINNEGAD",2022,0.125408763897973,0.539132330499237,0.155384783082625,0.102844996729889,0.0772291257902769,18348
"LAYTOWN-BETTYSTOWN",2022,0.132922761098281,0.596292019502181,0.125320759558635,0.0842635360533744,0.0612009237875289,31176
"LEIXLIP",2022,0.0981826408264837,0.554106025186638,0.132342960561044,0.143578915617223,0.0717894578086117,13261
"LETTERKENNY",2022,0.119052407191409,0.584281864618107,0.135462333588063,0.0925873788360214,0.0686160157663999,24863
"LIFFORD-STRANORLAR",2022,0.116990982439487,0.523398196487898,0.148410061699098,0.121831988609397,0.0893687707641196,21070
"LIMERICK CITY EAST",2022,0.103743917375617,0.58730841802112,0.131881227448774,0.10271773312589,0.0743487040286007,30209
"LIMERICK CITY NORTH",2022,0.0908554572271386,0.550026028110359,0.145340968245705,0.116571230262016,0.0972063161547805,28815
"LIMERICK CITY WEST",2022,0.0909509101662614,0.62505750147861,0.12650325294079,0.0912466320562529,0.0662417033580864,30434
"LISMORE",2022,0.108778418361797,0.48852387686283,0.172848906776895,0.125856630044599,0.103992167953878,9193
"LISTOWEL",2022,0.101798410706817,0.473316603931409,0.163989962358846,0.148138854035968,0.112756168966959,23910
"LONGFORD",2022,0.119914661958361,0.54071948797175,0.138747884940778,0.111675126903553,0.0889428382255573,13593
"LOUGHREA",2022,0.112964253709051,0.525191675794085,0.150303694115304,0.116150552623718,0.0953898237578413,20086
"LUCAN",2022,0.137043189368771,0.653559563360228,0.112743236829616,0.0609634551495017,0.0356905552918842,42140
"MACROOM",2022,0.115300335137922,0.534061613817994,0.154840164990977,0.115558133539572,0.0802397525135344,31032
"MALLOW",2022,0.122994652406417,0.544117647058823,0.139361529735861,0.107235456165937,0.0862907146329606,24684
"MANORHAMILTON",2022,0.112834679133022,0.490862728431789,0.162770930726732,0.132065448363791,0.101466213344666,9412
"MAYNOOTH",2022,0.11971697036558,0.631985392018869,0.118005097576749,0.0775288165252787,0.0527637235135238,26287
"MIDLETON",2022,0.125006431695395,0.55955749935683,0.136197581682532,0.101903781836892,0.0773347054283509,38870
"MILFORD",2022,0.110652211323352,0.49406298399587,0.155480984340045,0.132163138874548,0.107640681466185,11622
"MOATE",2022,0.11553488372093,0.519441860465116,0.156899224806202,0.120124031007752,0.088,16125
"MONAGHAN",2022,0.11381360091618,0.520477722637291,0.159240879096908,0.119757866608496,0.0867099307411245,18337
"MUINEBEAG",2022,0.107145563385618,0.519057361521558,0.158445101159354,0.124801091157081,0.0905508827763886,13197
"MULLINGAR",2022,0.109548245212132,0.572161642078255,0.137175845322093,0.103729496930267,0.0773847704572528,21826
"NAAS",2022,0.10943438722937,0.606069990709198,0.136631098848504,0.0884596976266224,0.0594048255863059,35519
"NAVAN",2022,0.130943672275055,0.607102480547982,0.121766309769236,0.0817317284032719,0.0584558090044557,30074
"NENAGH",2022,0.107432651736449,0.520610191496267,0.153900248836958,0.119712214648924,0.0983446932814021,18486
"NEW ROSS",2022,0.111936539914379,0.513892386468564,0.156257869554268,0.124276001007303,0.0936372030554856,23826
"NEWBRIDGE",2022,0.128117875250961,0.584033756422908,0.136046551196107,0.0878619797869806,0.0639398373430428,29387
"NEWCASTLE WEST",2022,0.100232899163288,0.506340032778401,0.156387475200552,0.134563961010955,0.102475631846804,23186
"NEWPORT",2022,0.127577693871624,0.525704327621261,0.154371187917514,0.11167586407203,0.0806709265175719,13772
"NORTH INNER CITY",2022,0.0590592452319762,0.766654267550385,0.0908967942648451,0.0543419450831868,0.0290477478696064,59144
"ONGAR",2022,0.140250611246944,0.670507334963325,0.109596577017115,0.0611246943765281,0.018520782396088,32720
"PALMERSTOWN-FONTHILL",2022,0.113094899641781,0.532609313697618,0.156365497242281,0.126855063399102,0.0710752260192187,17587
"PEMBROKE",2022,0.0613039074577536,0.632603017218402,0.117357001972387,0.0947278639586332,0.0940082093928248,37518
"PILTOWN",2022,0.117240610721052,0.540566142873064,0.14270589546417,0.108436420372228,0.0910509305694862,17946
"PORTLAOISE",2022,0.123979324293955,0.593902164956177,0.131657802082553,0.0906434938946738,0.0598172147726421,26698
"PORTLAW-KILMACTHOMAS",2022,0.118479524167635,0.505776987762357,0.161482190469679,0.124290695289533,0.0899706023107951,14627
"RATHFARNHAM-TEMPLEOGUE",2022,0.0855762272695441,0.476668456313173,0.161908541282476,0.147995984966969,0.127850790167838,42839
"RATOATH",2022,0.121933357744416,0.583702273559469,0.143870044272827,0.0927399221064545,0.0577544023168337,30041
"ROSCOMMON",2022,0.10472819216182,0.497446270543616,0.155802781289507,0.130821744627054,0.111201011378003,19775
"ROSCREA-TEMPLEMORE",2022,0.109830408927392,0.512737684457823,0.155715439395052,0.123926290287057,0.0977901769326775,13621
"ROSSLARE",2022,0.110511705860787,0.493636411250196,0.166553187031897,0.131042790551511,0.0982559053056094,19093
"RUSH-LUSK",2022,0.13816880793625,0.599837371930395,0.134428362335339,0.0759147828915271,0.0516506749064889,30745
"SHANNON",2022,0.111336196418443,0.55096831699214,0.140142614050725,0.115387731950409,0.082165140588283,24682
"SKIBBEREEN-WEST CORK",2022,0.104265223479544,0.497483253226356,0.164402225333989,0.130189607538887,0.103659690421224,26423
"SLIGO-DRUMCLIFF",2022,0.109734984685045,0.494673058995872,0.163004394726328,0.138899986682647,0.0936875749101079,15018
"SLIGO-STRANDHILL",2022,0.0867087206728641,0.54653607791058,0.14630367419212,0.120849933598938,0.099601593625498,18072
"SOUTH EAST INNER CITY",2022,0.0584189497716895,0.726398401826484,0.105565068493151,0.0694349315068493,0.0401826484018265,35040
"SOUTH WEST INNER CITY",2022,0.0512892141799592,0.737380227393357,0.0987512920077101,0.0648657708746543,0.0477134955443194,35797
"STILLORGAN",2022,0.0934765314240255,0.526610978520286,0.147096260938743,0.118536197295147,0.114280031821798,25140
"SWINFORD",2022,0.0978399838503465,0.446807078931431,0.177982639122536,0.157526411412422,0.119843886683265,14861
"SWORDS",2022,0.104706378937371,0.638078404474226,0.130164090117659,0.0772700891679417,0.0497810373028017,37906
"TALLAGHT CENTRAL",2022,0.0837892112734575,0.563672875839623,0.113600166193477,0.146215636036286,0.0927221106571567,28882
"TALLAGHT SOUTH",2022,0.150080356039065,0.657343305723822,0.0970453702559031,0.0716095932748177,0.0239213747063914,32356
"THURLES",2022,0.109899749373434,0.490789473684211,0.159022556390977,0.13577694235589,0.104511278195489,15960
"TRALEE",2022,0.101499182580264,0.524435632543741,0.159031618491078,0.11969111969112,0.095342446693798,28749
"TRAMORE-WATERFORD CITY WEST",2022,0.107446327115491,0.549901955854995,0.152144401427925,0.109055256674544,0.0814520589270451,19889
"TRIM",2022,0.127118315430256,0.56047620894249,0.143793384263389,0.0982277891961066,0.0703843021677589,25787
"TUAM",2022,0.119932794737971,0.535532994923858,0.142703939372274,0.114427682848359,0.0874025881175377,27974
"TULLAMORE",2022,0.11469327176781,0.54254617414248,0.149488786279683,0.110075857519789,0.0831959102902375,24256
"TULLOW",2022,0.119668320874427,0.537470946667504,0.153527231610026,0.114328789496828,0.0750047113512155,15919
"WATERFORD CITY EAST",2022,0.11098705912205,0.516011164679016,0.158284699314895,0.114742451154529,0.0999746257295103,19705
"WATERFORD CITY SOUTH",2022,0.101529902642559,0.571776276574608,0.134313530697397,0.106050069541029,0.0863302205444069,20132
"WESTPORT",2022,0.0995449728853706,0.49841052172287,0.166053730599015,0.1408090756093,0.0951816991834445,16043
"WEXFORD",2022,0.0985594850257095,0.523688032342898,0.158103387368999,0.120029830827805,0.0996192644345881,25477
"WICKLOW",2022,0.117573188917667,0.557727022996625,0.145514480809984,0.104112707008869,0.075072600266855,25482
