CSO_LEA,Census Year,No_formal_education,Primary_edu,Upper_secondary_edu,Advanced_cert_or_apprenticeship,Honours_bachelor,Postgraduate,population,p_edu_NoFormal,p_edu_Primary,p_edu_UpperSecondary,p_edu_Apprenticeship,p_edu_HonoursBachelor,p_edu_Postgraduate
ADARE-RATHKEALE,2022,461,1522,3702,1405,2444,1765,11299,0.04080007080272591,0.1347021860341623,0.3276396141251438,0.12434728737056376,0.21630232763961413,0.15620851402779007
ARDEE,2022,651,1607,3171,1393,2075,1408,10305,0.06317321688500728,0.1559437166424066,0.3077147016011645,0.13517709849587578,0.20135856380397865,0.1366327025715672
ARKLOW,2022,576,1536,3560,1602,1943,1343,10560,0.05454545454545454,0.14545454545454545,0.3371212121212121,0.15170454545454545,0.18399621212121212,0.1271780303030303
ARTANE-WHITEHALL,2022,1013,4145,6630,2607,3784,2894,21073,0.04807099131590187,0.19669719546338918,0.3146206045650833,0.123712807858397,0.17956626963412897,0.1373321311630997
ASHBOURNE,2022,396,1185,4056,1663,2924,2119,12343,0.032082962002754595,0.09600583326581869,0.3286073077857895,0.1347322368954063,0.2368954063031678,0.1716762537470631
ATHENRY-ORANMORE,2022,403,1430,3996,1632,3559,3022,14042,0.028699615439396097,0.10183734510753453,0.2845748468879077,0.1162227602905569,0.25345392394245836,0.21521150833214642
ATHLONE,2022,288,942,2894,946,1910,1397,8377,0.034379849588158054,0.11245075802793363,0.34546973856989377,0.11292825593888027,0.22800525247702041,0.16676614539811388
ATHLONE_WESTMEATH,2022,366,1221,2991,1015,2101,1830,9524,0.03842923141537169,0.12820243595128097,0.3140487190256195,0.10657286854262915,0.22060058798824023,0.19214615707685848
ATHY,2022,553,1493,3854,1594,1929,1258,10681,0.051774178447710886,0.13978091938957027,0.3608276378616234,0.14923696283119559,0.1806010673157944,0.11777923415410542
BAILIEBOROUGH-COOTEHILL,2022,681,1639,3262,1531,1626,1008,9747,0.06986765158510311,0.1681543038883759,0.3346670770493485,0.1570739714784036,0.16682056017236072,0.10341643582640812
BALBRIGGAN,2022,517,1299,4873,2013,3177,2652,14531,0.03557910673732021,0.08939508636707728,0.33535200605601817,0.13853141559424678,0.21863601954442227,0.18250636570091527
BALLINA,2022,687,1810,4180,1287,1822,1198,10984,0.0625455207574654,0.1647851420247633,0.3805535324107793,0.11717042971595047,0.165877640203933,0.10906773488710853
BALLINAMORE,2022,289,657,1395,703,797,500,4341,0.06657452199953928,0.15134761575673808,0.3213545266067726,0.16194425247638794,0.1835982492513246,0.1151808339092375
BALLINASLOE,2022,602,2117,4003,1584,2203,1459,11968,0.05030080213903743,0.1768883689839572,0.33447526737967914,0.1323529411764706,0.18407419786096257,0.12190842245989304
BALLYBAY-CLONES,2022,506,1341,2147,971,1251,742,6958,0.07272204656510492,0.19272779534348952,0.308565679793044,0.13955159528600172,0.17979304397815465,0.10663983903420524
BALLYFERMOT-DRIMNAGH,2022,1224,4441,5824,2508,2969,2407,19373,0.06318071542868942,0.22923656635523668,0.3006245806018686,0.12945852475094202,0.15325452949981933,0.12424508336344396
BALLYJAMESDUFF,2022,590,1621,3492,1776,1767,1152,10398,0.056741681092517794,0.15589536449317176,0.3358338141950375,0.17080207732256203,0.16993652625504904,0.11079053664166186
BALLYMAHON,2022,359,905,1940,904,1101,817,6026,0.0595751742449386,0.15018254231662795,0.3219382675074676,0.15001659475605708,0.18270826418851643,0.1355791569863923
BALLYMOTE-TOBERCURRY,2022,375,1740,3992,1618,2109,1456,11290,0.033215234720992026,0.15411868910540302,0.35358724534986713,0.1433126660761736,0.18680248007085917,0.12896368467670505
BALLYMUN-FINGLAS,2022,1516,4826,7553,3045,2961,2205,22106,0.06857866642540486,0.21831177056002896,0.3416719442685244,0.13774540848638378,0.13394553514882837,0.09974667511082964
BALTINGLASS,2022,539,1558,3425,1514,2124,1497,10657,0.05057708548371962,0.14619498920897062,0.3213850051609271,0.14206624753683025,0.1993056207187764,0.14047105189077602
BANDON-KINSALE,2022,511,1519,4302,2253,3965,3130,15680,0.032589285714285716,0.096875,0.2743622448979592,0.14368622448979593,0.2528698979591837,0.1996173469387755
BANTRY-WEST CORK,2022,461,1522,3077,1442,1883,1444,9829,0.04690202462101943,0.15484789907416827,0.3130532098891037,0.14670871909655103,0.19157594872316613,0.14691219859599144
BELMULLET,2022,479,1539,1799,659,796,497,5769,0.08302998786618132,0.2667706708268331,0.31183914023227594,0.1142312359161033,0.13797885248743283,0.08615011267117352
BIRR,2022,676,1768,3737,1463,1786,1204,10634,0.06356968215158924,0.16625916870415647,0.3514199736693624,0.13757758134286252,0.16795185254842956,0.11322174158359978
BLACKROCK,2022,150,463,2742,835,5314,6373,15877,0.009447628645210052,0.029161680418215027,0.17270265163443976,0.05259179945833596,0.3346979908043081,0.40139824903949106
BLANCHARDSTOWN-MULHUDDART,2022,497,1133,3905,2026,2768,2202,12531,0.03966163913494534,0.090415768893145,0.31162716463171336,0.16167903599074296,0.22089218737530925,0.17572420397414412
BORRIS-IN-OSSORY-MOUNTMELLICK,2022,518,1758,3866,1444,1734,1080,10400,0.04980769230769231,0.16903846153846153,0.37173076923076925,0.13884615384615384,0.16673076923076924,0.10384615384615385
BOYLE,2022,574,1434,3339,1419,1735,1260,9761,0.05880545026124372,0.14691117713349042,0.34207560700747874,0.14537444933920704,0.17774818153877678,0.1290851347198033
BRAY EAST,2022,337,954,2049,987,1679,1583,7589,0.04440637765186454,0.12570826195809726,0.26999604691000134,0.13005666095664778,0.22124127025958623,0.20859138226380286
BRAY WEST,2022,256,775,2265,984,1857,1643,7780,0.032904884318766064,0.09961439588688946,0.2911311053984576,0.12647814910025706,0.23868894601542417,0.21118251928020565
BUNCRANA,2022,659,1887,2480,1144,1642,1172,8984,0.0733526268922529,0.210040071237756,0.27604630454140694,0.12733748886910062,0.1827693677649154,0.13045414069456812
CABRA-GLASNEVIN,2022,912,3368,6133,2337,7394,7591,27735,0.03288263926446728,0.12143500991526951,0.2211285379484406,0.08426176311519741,0.2665945556156481,0.2736974941409771
CAHIR,2022,263,821,2124,902,1063,680,5853,0.04493422176661541,0.1402699470357082,0.362890825217837,0.15410900392960875,0.18161626516316418,0.11617973688706647
CALLAN-THOMASTOWN,2022,425,1274,3328,1407,2401,1666,10501,0.040472335968003044,0.12132177887820207,0.31692219788591564,0.13398723931054185,0.22864489096276544,0.15865155699457195
CAPPAMORE-KILMALLOCK,2022,573,2098,4968,1967,2718,1871,14195,0.04036632617118704,0.14779852060584714,0.3499823881648468,0.1385699189855583,0.19147587178584008,0.13180697428672067
CARLOW,2022,318,1201,2846,1507,1905,1388,9165,0.03469721767594108,0.1310420076377523,0.3105291871249318,0.16442989634478997,0.2078559738134206,0.1514457174031642
CARNDONAGH,2022,597,1786,1969,905,1198,824,7279,0.08201676054403077,0.2453633740898475,0.2705041901360077,0.1243302651463113,0.1645830471218574,0.11320236296194532
CARRICK-ON-SHANNON,2022,232,575,1516,727,1020,800,4870,0.04763860369609856,0.11806981519507187,0.31129363449691994,0.1492813141683778,0.20944558521560575,0.16427104722792607
CARRICK-ON-SUIR,2022,465,1280,2958,1033,1255,711,7702,0.06037392884964944,0.16619059984419632,0.3840560893274474,0.13412100753051157,0.16294468969098935,0.09231368475720592
CARRICKMACROSS-CASTLEBLAYNEY,2022,648,1273,2705,1238,1659,945,8468,0.07652338214454417,0.15033065658951347,0.3194378837978271,0.1461974492205952,0.1959140292867265,0.11159659896079357
CARRIGALINE,2022,285,1001,4574,1908,4007,3492,15267,0.018667714678718805,0.06556625401192114,0.29960044540512215,0.124975437217528,0.26246151830746056,0.22872863037924937
CASHEL-TIPPERARY,2022,561,1660,4382,1493,1978,1232,11306,0.04961967097116575,0.14682469485229083,0.38758181496550503,0.13205377675570493,0.17495135326375377,0.10896868919157969
CASTLEBAR,2022,575,1584,4262,1643,2755,2022,12841,0.04477844404641383,0.12335487890351218,0.33190561482750564,0.12794953664044856,0.21454715364846974,0.15746437193365004
CASTLECOMER,2022,454,1455,3079,1262,1967,1258,9475,0.0479155672823219,0.15356200527704486,0.3249604221635884,0.13319261213720315,0.207598944591029,0.13277044854881268
CASTLEISLAND,2022,349,1200,2379,1030,1311,804,7073,0.049342570337904706,0.1696592676374947,0.33634949809133324,0.14562420472218296,0.18535274989396297,0.11367170931712145
CASTLEKNOCK,2022,488,1363,4994,1760,5367,5407,19379,0.02518189793074978,0.07033386655658187,0.2577016357913205,0.09081995975024511,0.2769492749883895,0.27901336498271323
CAVAN-BELTURBET,2022,716,1608,3060,1825,1878,1301,10388,0.06892568348093954,0.1547939930689257,0.2945706584520601,0.17568348093954564,0.18078552175587215,0.1252406623026569
CELBRIDGE,2022,275,630,2648,1089,2494,2115,9251,0.029726516052318668,0.06810074586531185,0.28623932547832664,0.11771700356718193,0.26959247648902823,0.22862393254783267
CLANE,2022,524,1517,3877,1584,2407,1808,11717,0.04472134505419476,0.12947000085346078,0.3308867457540326,0.13518818810275668,0.2054280105829137,0.15430570965264145
CLAREMORRIS,2022,574,1703,4368,1523,2131,1487,11786,0.04870184965212965,0.14449346682504666,0.37060919735279146,0.1292211097912778,0.18080773799423044,0.12616663838452402
CLONDALKIN,2022,823,2584,6710,3024,3312,2487,18940,0.043453009503695884,0.13643083421330518,0.3542766631467793,0.159662090813094,0.17486800422386484,0.13130939809926082
CLONMEL,2022,375,1354,3508,1463,1878,1366,9944,0.03771118262268705,0.13616251005631536,0.35277554304102976,0.14712389380530974,0.18885760257441672,0.13736926790024134
CLONTARF,2022,511,2312,6083,2240,7829,7889,26864,0.019021739130434784,0.08606313281715307,0.22643686718284695,0.08338296605122096,0.2914309112567004,0.2936643835616438
COBH,2022,349,1224,4560,1961,3275,2672,14041,0.02485577950288441,0.08717327825653444,0.32476319350473615,0.13966241720675165,0.2332454953350901,0.19029983619400329
CONAMARA NORTH,2022,437,1405,2247,927,1341,1223,7580,0.05765171503957783,0.1853562005277045,0.2964379947229551,0.12229551451187336,0.17691292875989445,0.16134564643799473
CONAMARA SOUTH,2022,488,1265,2299,1014,2154,2484,9704,0.05028854080791426,0.13035861500412202,0.2369126133553174,0.10449299258037922,0.22197032151690024,0.2559769167353669
CORCA DHUIBHNE,2022,215,777,1999,768,1310,1033,6102,0.03523434939364143,0.12733529990167158,0.3275975090134382,0.12586037364798427,0.2146837102589315,0.169288757784333
CORK CITY NORTH EAST,2022,661,2081,5769,2180,3636,3221,17548,0.037668110325963074,0.11858901299293367,0.3287554137223615,0.12423068155915204,0.20720310006838386,0.18355368133120584
CORK CITY NORTH WEST,2022,790,3082,5321,1920,2742,2371,16226,0.048687292000493036,0.18994206828546778,0.3279304819425613,0.11832860840626155,0.16898804388019228,0.14612350548502404
CORK CITY SOUTH CENTRAL,2022,444,1614,4073,1682,4192,3909,15914,0.027899962297348247,0.1014201332160362,0.2559381676511248,0.10569310041472917,0.2634158602488375,0.24563277617192408
CORK CITY SOUTH EAST,2022,364,1137,5084,1877,5732,5464,19658,0.018516634449079257,0.05783904771594262,0.2586224437887883,0.09548275511242242,0.29158612269813816,0.27795299623562925
CORK CITY SOUTH WEST,2022,477,1657,5583,2117,5739,4913,20486,0.02328419408376452,0.0808845064922386,0.2725275798106024,0.1033388655667285,0.28014253636629893,0.23982231768036708
DONAGHMEDE,2022,708,2871,6166,2514,3975,3336,19570,0.036177823198773634,0.14670413898824733,0.315074092999489,0.12846193152784874,0.20311701584057232,0.170464997445069
DONEGAL,2022,483,2293,3657,1639,1903,1440,11415,0.04231274638633377,0.2008760402978537,0.3203679369250986,0.14358300481822164,0.16671046868155937,0.12614980289093297
DROGHEDA RURAL,2022,299,817,2330,1082,1503,1105,7136,0.04190022421524664,0.11448991031390135,0.3265134529147982,0.1516255605381166,0.21062219730941703,0.1548486547085202
DROGHEDA URBAN,2022,675,2120,3517,1622,1823,1316,11073,0.06095908967759415,0.1914566964688883,0.3176194346608868,0.1464824347511966,0.16463469701074687,0.11884764743068725
DUNDALK SOUTH,2022,635,1746,4495,1837,3306,2267,14286,0.044449111017779645,0.12221755564888702,0.3146437071258575,0.12858742825143496,0.23141537169256615,0.15868682626347472
DUNDALK-CARLINGFORD,2022,680,1583,3173,1321,1783,1200,9740,0.06981519507186858,0.16252566735112936,0.3257700205338809,0.13562628336755647,0.18305954825462012,0.12320328542094455
DUNDRUM,2022,297,1157,3045,1155,4471,4869,14994,0.019807923169267706,0.07716419901293851,0.2030812324929972,0.07703081232492998,0.2981859410430839,0.3247298919567827
DUNGARVAN,2022,386,1226,2774,1400,1933,1479,9198,0.04196564470537073,0.13328984561861273,0.30158730158730157,0.15220700152207,0.2101543813872581,0.16079582517938681
DÚN LAOGHAIRE,2022,477,1335,4418,1641,6137,7711,21719,0.021962337124176987,0.061466918366407296,0.20341636355264975,0.0755559648234265,0.2825636539435517,0.35503476218978774
EDENDERRY,2022,453,1537,3509,1401,1348,891,9139,0.04956778640989167,0.16818032607506292,0.3839588576430682,0.15329904803589015,0.14749972644709486,0.09749425538899223
ENNIS,2022,406,1305,4336,1735,3094,2527,13403,0.030291725733044842,0.09736626128478698,0.3235096620159666,0.12944863090352907,0.23084384093113483,0.18853987913153772
ENNISCORTHY,2022,769,2090,4008,1730,1865,1142,11604,0.06627025163736643,0.18011030679076181,0.3453981385729059,0.1490865218890038,0.16072044122716306,0.09841433988279903
ENNISTIMON,2022,254,927,2356,908,1501,1286,7232,0.0351216814159292,0.12818030973451328,0.32577433628318586,0.12555309734513273,0.20754977876106195,0.17782079646017698
FERMOY,2022,612,2073,5055,2231,2971,2033,14975,0.04086811352253756,0.13843071786310518,0.3375626043405676,0.14898163606010018,0.1983973288814691,0.13575959933222037
FIRHOUSE-BOHERNABREENA,2022,322,1077,4377,1650,4253,3565,15244,0.0211230648123852,0.07065074783521386,0.2871293623720808,0.10823930726843348,0.27899501443190766,0.233862503279979
GALWAY CITY CENTRAL,2022,390,1016,2507,1145,3067,2792,10917,0.035724100027480075,0.09306586058440963,0.2296418429971604,0.10488229367042227,0.28093798662636255,0.2557479160941651
GALWAY CITY EAST,2022,367,874,3049,1499,2711,2226,10726,0.03421592392317733,0.08148424389334327,0.28426253962334513,0.13975386910311394,0.2527503263099012,0.20753309714711915
GALWAY CITY WEST,2022,173,411,2272,989,3067,3692,10604,0.016314598264805732,0.03875895888344021,0.2142587702753678,0.09326669181440966,0.28923047906450394,0.34817050169747266
GLENCULLEN-SANDYFORD,2022,290,995,4320,1691,6599,7065,20960,0.01383587786259542,0.047471374045801526,0.20610687022900764,0.08067748091603054,0.314837786259542,0.3370706106870229
GLENTIES,2022,708,2574,3101,1206,1637,1271,10497,0.06744784224064018,0.24521291797656472,0.295417738401448,0.11488996856244642,0.15594931885300561,0.12108221396589501
GOREY,2022,608,1623,4178,1844,2314,1601,12168,0.049967126890203814,0.1333826429980276,0.3433596318211703,0.15154503616042078,0.19017094017094016,0.13157462195923733
GORT-KINVARA,2022,341,1013,2768,1126,2648,2575,10471,0.03256613503963327,0.09674338649603667,0.2643491548085188,0.10753509693439021,0.252888931334161,0.24591729538726007
GRAIGUECULLEN-PORTARLINGTON,2022,510,1375,3866,1700,2336,1607,11394,0.04476040021063718,0.1206775495875022,0.33930138669475163,0.14920133403545727,0.2050201860628401,0.14103914340881166
GRANARD,2022,283,781,1510,675,715,464,4428,0.06391147244805781,0.17637759710930442,0.34101174345076785,0.1524390243902439,0.1614724480578139,0.10478771454381211
GREYSTONES,2022,230,777,2984,1321,3632,3499,12443,0.018484288354898338,0.06244474805111307,0.23981354978702885,0.10616410833400305,0.2918910230651772,0.28120228240777945
HOWTH-MALAHIDE,2022,503,1914,8225,2772,8425,8013,29852,0.016849792308723032,0.06411630711510116,0.27552592791102776,0.09285809995980168,0.28222564652284604,0.26842422618250034
Ireland,2022,81280,251219,613478,253892,450523,379416,2029808,0.04004319620377888,0.12376490781394102,0.3022344970558792,0.12508178113397916,0.22195350496204566,0.18692211283037607
KANTURK,2022,549,1686,3512,1577,1867,1114,10305,0.05327510917030567,0.1636098981077147,0.3408054342552159,0.1530325084910238,0.18117418728772441,0.10810286268801553
KELLS,2022,701,1948,4734,1887,2444,1681,13395,0.05233296005972378,0.1454273982829414,0.3534154535274356,0.14087346024636058,0.1824561403508772,0.12549458753266143
KENMARE,2022,532,1668,3544,1552,2060,1599,10955,0.04856230031948882,0.152259242355089,0.32350524874486536,0.1416704701049749,0.18804198995892288,0.14596074851665905
KILDARE,2022,548,1500,3912,1544,1996,1466,10966,0.04997264271384279,0.13678643078606603,0.3567390114900602,0.14079883275579064,0.1820171438993252,0.13368593835491518
KILKENNY,2022,452,1239,3544,1541,2898,2275,11949,0.03782743325801322,0.10369068541300527,0.29659385722654613,0.1289647669261026,0.24253075571177504,0.19039250146455772
KILLALOE,2022,265,907,2576,1061,1977,1602,8388,0.0315927515498331,0.1081306628516929,0.307105388650453,0.12649022412970912,0.23569384835479257,0.19098712446351931
KILLARNEY,2022,437,1464,3983,1811,2562,1815,12072,0.03619946984758118,0.12127236580516898,0.32993704440026506,0.15001656726308812,0.21222664015904572,0.15034791252485089
KILLINEY-SHANKILL,2022,458,1698,4628,1710,4516,4432,17442,0.026258456599013876,0.09735122119023047,0.2653365439743149,0.09803921568627451,0.25891526201123727,0.25409930053892904
KILMUCKRIDGE,2022,402,1101,2531,1042,1382,823,7281,0.055212196126905644,0.15121549237742068,0.3476170855651696,0.14311220986128279,0.18980909215767064,0.11303392391155061
KILRUSH,2022,444,1561,3222,1329,1532,1043,9131,0.048625561274778226,0.17095608367101084,0.3528638703318366,0.14554813273464023,0.16778008980396453,0.11422626218376958
KIMMAGE-RATHMINES,2022,830,2892,5066,2025,8060,8932,27805,0.029850746268656716,0.10401007013127135,0.1821974465024276,0.07282862794461428,0.2898759215968351,0.3212371875561949
KINNEGAD,2022,462,1200,3015,1282,1570,1053,8582,0.053833605220228384,0.13982754602656725,0.3513167093917502,0.14938242833838267,0.1829410393847588,0.12269867163831275
LAYTOWN-BETTYSTOWN,2022,521,1710,4875,2011,3238,2546,14901,0.034964096369371186,0.11475739883229313,0.327159251056976,0.13495738541037514,0.2173008522917925,0.170861016039192
LEIXLIP,2022,150,580,2003,806,1891,1511,6941,0.021610718916582623,0.08356144647745281,0.28857513326609996,0.11612159631177064,0.27243912980838497,0.21769197521970898
LETTERKENNY,2022,591,1714,3656,1387,2803,2307,12458,0.04743939637180928,0.1375822764488682,0.29346604591427194,0.11133408251725799,0.22499598651468936,0.18518221223310322
LIFFORD-STRANORLAR,2022,974,2450,3458,1368,1691,1006,10947,0.08897414816844798,0.22380560884260528,0.31588563076642,0.12496574403946287,0.15447154471544716,0.0918973234676167
LIMERICK CITY EAST,2022,576,1716,4180,1538,3566,2859,14435,0.0399030135088327,0.11887772774506408,0.2895739521995151,0.10654658815379286,0.24703844821614132,0.19806027017665398
LIMERICK CITY NORTH,2022,566,2290,4836,1751,2626,2009,14078,0.040204574513425205,0.16266515129990056,0.3435147037931524,0.12437846284983663,0.18653217786617418,0.142704929677511
LIMERICK CITY WEST,2022,430,1338,3893,1718,3921,3028,14328,0.03001116694584031,0.09338358458961474,0.27170575097710775,0.11990508096035735,0.27365996649916247,0.21133445002791737
LISMORE,2022,199,757,1504,716,805,534,4515,0.04407530454042082,0.16766334440753045,0.33311184939091915,0.1585825027685493,0.17829457364341086,0.11827242524916944
LISTOWEL,2022,607,2065,4158,1626,1955,1326,11737,0.05171679304762716,0.17593933713896226,0.3542642924086223,0.13853625287552185,0.16656726591122092,0.1129760586180455
LONGFORD,2022,434,1000,2119,1083,993,653,6282,0.0690862782553327,0.1591849729385546,0.3373129576567972,0.17239732569245464,0.15807067812798473,0.10394778732887615
LOUGHREA,2022,363,1473,3380,1303,2071,1532,10122,0.03586247777119146,0.14552459988144636,0.3339261015609563,0.1287295000987947,0.20460383323453862,0.1513534874530725
LUCAN,2022,517,1220,5619,2400,5548,4752,20056,0.02577782209812525,0.06082967690466693,0.2801655364978061,0.11966493817311527,0.27662544874351813,0.23693657758276826
MACROOM,2022,451,1528,4560,2136,3793,2846,15314,0.0294501763092595,0.09977798093248008,0.2977667493796526,0.13948021418310044,0.24768185973618911,0.18584301945931828
MALLOW,2022,418,1405,3876,1825,2405,1729,11658,0.03585520672499571,0.12051809915937553,0.33247555326814204,0.15654486189740952,0.20629610567850404,0.14831017327157317
MANORHAMILTON,2022,302,649,1386,653,910,727,4627,0.06526907283336936,0.1402636697644262,0.29954614220877457,0.14112816079533175,0.19667170953101362,0.1571212448670845
MAYNOOTH,2022,254,850,3077,1254,3837,3829,13101,0.019387832989848103,0.06488054346996412,0.23486756736127012,0.09571788413098237,0.2928784062285322,0.2922677658194031
MIDLETON,2022,605,1948,5955,2864,4109,3191,18672,0.03240145672664953,0.10432733504712939,0.318926735218509,0.1533847472150814,0.22006212510711226,0.17089760068551843
MILFORD,2022,338,1156,1776,727,1135,884,6016,0.05618351063829787,0.19215425531914893,0.29521276595744683,0.12084441489361702,0.18866356382978725,0.14694148936170212
MOATE,2022,375,1102,2606,990,1565,1117,7755,0.048355899419729204,0.14210186976144423,0.33604126370083814,0.1276595744680851,0.20180528691166988,0.1440361057382334
MONAGHAN,2022,628,1392,2793,1344,1649,1039,8845,0.07100056529112493,0.15737704918032788,0.3157716223855285,0.1519502543810062,0.18643301300169587,0.11746749576031656
MUINEBEAG,2022,218,1171,2062,975,1259,856,6541,0.03332823727258829,0.17902461397339856,0.31524231768842687,0.14905977679253937,0.19247821434031492,0.130866839932732
MULLINGAR,2022,505,1201,3466,1508,2264,1721,10665,0.0473511486169714,0.11261134552273792,0.32498827941865915,0.14139709329582748,0.21228316924519455,0.16136896390060948
NAAS,2022,409,1193,4959,2051,5262,4503,18377,0.02225608097077869,0.06491810415192904,0.26984817978995485,0.1116068999292594,0.2863361810959351,0.2450345540621429
NAVAN,2022,643,1592,5008,2201,2714,2056,14214,0.04523709019276769,0.1120022513015337,0.3523286900239201,0.15484733361474604,0.19093851132686085,0.14464612354017167
NENAGH,2022,385,1253,3179,1372,1790,1325,9304,0.04138005159071367,0.13467325881341358,0.3416809974204643,0.14746345657781598,0.19239036973344797,0.14241186586414445
NEW ROSS,2022,627,2004,4011,1769,2076,1238,11725,0.05347547974413646,0.17091684434968016,0.342089552238806,0.15087420042643923,0.17705756929637526,0.1055863539445629
NEWBRIDGE,2022,517,1488,4790,1938,3050,2595,14378,0.03595771317290305,0.10349144526359716,0.3331478647934344,0.13478926137153985,0.21212964250938934,0.18048407288913618
NEWCASTLE WEST,2022,567,2116,3884,1610,1985,1225,11387,0.04979362430842189,0.18582594186352858,0.34109071748485115,0.14138930359181523,0.17432159480108897,0.1075788179502942
NEWPORT,2022,232,711,2089,810,1546,1292,6680,0.03473053892215569,0.10643712574850299,0.3127245508982036,0.12125748502994012,0.231437125748503,0.19341317365269461
NORTH INNER CITY,2022,1202,2797,5467,2379,6737,7465,26047,0.04614734902292011,0.10738280800092141,0.20988981456597688,0.09133489461358314,0.2586478289246362,0.2865973048719622
ONGAR,2022,430,1098,4880,2105,3308,2774,14595,0.02946214457005824,0.07523124357656731,0.3343610825625214,0.14422747516272696,0.22665296334361082,0.19006509078451525
PALMERSTOWN-FONTHILL,2022,734,2001,3059,1181,1006,772,8753,0.08385696332685937,0.2286073346281275,0.3494801782246087,0.13492516851365247,0.11493202330629498,0.08819833200045699
PEMBROKE,2022,212,558,2491,895,7849,9771,21776,0.009735488611315209,0.025624540778839088,0.1143919911829537,0.04110029390154298,0.3604426891991183,0.44870499632623073
PILTOWN,2022,363,1003,2941,1287,1841,1183,8618,0.04212114179624043,0.11638431190531445,0.34126247389185427,0.14933859364121607,0.21362265026688326,0.13727082849849154
PORTLAOISE,2022,516,1357,4449,1923,2518,1751,12514,0.04123381812370146,0.10843854882531564,0.3555218155665654,0.15366789196100367,0.2012146396036439,0.13992328591976985
PORTLAW-KILMACTHOMAS,2022,282,1101,2326,960,1534,1041,7244,0.038928768636112644,0.15198785201546108,0.3210933186085036,0.13252346769740475,0.21176145775814467,0.1437051352843733
RATHFARNHAM-TEMPLEOGUE,2022,508,2400,6357,2264,6951,6625,25105,0.02023501294562836,0.09559848635729934,0.2532164907388966,0.09018123879705238,0.27687711611232824,0.2638916550487951
RATOATH,2022,373,1080,4505,1785,4018,3424,15185,0.024563714191636485,0.07112281857095819,0.2966743496871913,0.11755021402700033,0.26460322686862037,0.22548567665459335
ROSCOMMON,2022,558,1436,3509,1380,1711,1216,9810,0.05688073394495413,0.14638124362895005,0.3576962283384302,0.14067278287461774,0.1744138634046891,0.12395514780835881
ROSCREA-TEMPLEMORE,2022,339,1057,2532,1041,1101,677,6747,0.05024455313472655,0.15666222024603527,0.375277901289462,0.154290795909293,0.16318363717207648,0.1003408922484067
ROSSLARE,2022,554,1534,3432,1288,1644,1139,9591,0.057762485663643,0.15994161192784903,0.3578354707538317,0.1342925659472422,0.17141069752893337,0.11875716817850068
RUSH-LUSK,2022,489,1329,4797,2023,3590,2904,15132,0.03231562252180809,0.08782712133227596,0.3170103092783505,0.13369019296854348,0.23724557229711868,0.19191118160190326
SHANNON,2022,366,1242,4420,1672,2471,1785,11956,0.030612244897959183,0.10388089662094346,0.3696888591502175,0.13984610237537637,0.2066744730679157,0.14929742388758782
SKIBBEREEN-WEST CORK,2022,525,1557,3993,2048,2917,2154,13194,0.03979081400636653,0.11800818553888132,0.302637562528422,0.15522207063816887,0.22108534182204032,0.16325602546612097
SLIGO-DRUMCLIFF,2022,184,682,2239,916,1888,1633,7542,0.02439671174754707,0.09042694245558207,0.2968708565367277,0.12145319543887563,0.2503314770617873,0.21652081675948023
SLIGO-STRANDHILL,2022,311,1190,2689,1210,2020,1572,8992,0.034586298932384345,0.13233985765124556,0.2990435943060498,0.13456405693950177,0.22464412811387902,0.1748220640569395
SOUTH EAST INNER CITY,2022,551,1689,2845,1136,5005,6446,17672,0.0311792666364871,0.09557492077863286,0.1609891353553644,0.06428248076052512,0.2832163875056587,0.3647578089633318
SOUTH WEST INNER CITY,2022,651,1801,3399,1469,5095,5585,18000,0.036166666666666666,0.10005555555555555,0.18883333333333333,0.0816111111111111,0.28305555555555556,0.31027777777777776
STILLORGAN,2022,109,300,2814,795,4710,5497,14225,0.0076625659050966605,0.0210896309314587,0.1978207381370826,0.05588752196836556,0.33110720562390156,0.3864323374340949
SWINFORD,2022,570,1336,2789,1047,1374,898,8014,0.07112553032193661,0.16670826054404791,0.3480159720489144,0.13064636885450462,0.17144996256551034,0.11205390566508609
SWORDS,2022,444,1440,6333,2640,4284,3276,18417,0.02410816093826356,0.07818863007004398,0.34386707932888094,0.14334582179508062,0.23261117445838084,0.17787913340935005
TALLAGHT CENTRAL,2022,601,2988,4651,2219,2232,1371,14062,0.04273929739724079,0.2124875551130707,0.33074953776134264,0.15780116626368937,0.15872564357843835,0.09749679988621818
TALLAGHT SOUTH,2022,852,2131,5667,2302,2107,1452,14511,0.05871407897457102,0.14685411067466062,0.3905313210667769,0.15863827441251466,0.14520019295706704,0.10006202191440976
THURLES,2022,312,1101,3038,982,1517,984,7934,0.03932442651877993,0.13876985127300226,0.38290899924376104,0.12377111167128813,0.19120241996470885,0.12402319132845979
TRALEE,2022,584,1637,4554,1913,2789,1988,13465,0.04337170441886372,0.12157445228369848,0.33821017452655033,0.14207203861864093,0.2071295952469365,0.14764203490531005
TRAMORE-WATERFORD CITY WEST,2022,318,1124,3241,1412,2054,1505,9654,0.032939714108141706,0.1164284234514191,0.335715765485809,0.14626061736067952,0.21276154961673918,0.15589392997721152
TRIM,2022,539,1635,4267,1756,2561,1988,12746,0.042287776557351324,0.12827553742350542,0.334771693080182,0.13776871175270672,0.2009257806370626,0.1559705005491919
TUAM,2022,502,1878,4826,1877,2729,2045,13857,0.03622717759976907,0.13552717038319984,0.3482716316663058,0.13545500469077001,0.19694017464097568,0.14757884101897958
TULLAMORE,2022,657,1583,4014,1498,2170,1761,11683,0.056235555935975345,0.1354960198579132,0.34357613626636996,0.12822049131216298,0.18573996405032953,0.15073183257724898
TULLOW,2022,304,1175,2431,1264,1372,933,7479,0.040647145340286135,0.15710656504880333,0.32504345500735393,0.16900655167803183,0.1834469848910282,0.1247492980344966
WATERFORD CITY EAST,2022,186,832,2804,1070,2599,2143,9634,0.01930662237907411,0.08636080548058958,0.2910525223167947,0.11106497820220054,0.2697737180817936,0.22244135353954744
WATERFORD CITY SOUTH,2022,394,1905,3359,1429,1470,781,9338,0.04219318911972585,0.20400514028699937,0.35971300064253586,0.15303062754337118,0.15742128935532235,0.0836367530520454
WESTPORT,2022,352,1039,2665,1005,1769,1502,8332,0.04224675948151704,0.12469995199231877,0.3198511761881901,0.12061929908785406,0.21231397023523763,0.18026884301488239
WEXFORD,2022,637,1820,4425,1763,2572,1835,13052,0.04880478087649402,0.1394422310756972,0.339028501379099,0.13507508427827153,0.19705792215752374,0.14059148023291448
WICKLOW,2022,552,1261,3942,1749,2889,2346,12739,0.04333150168773059,0.09898736164534108,0.3094434414004239,0.13729492110840724,0.22678389198524218,0.184158882172855
