CSO_LEA,Census Year,Sex,No_formal_education,Primary_edu,Upper_secondary_edu,Advanced_cert_or_apprenticeship,Honours_bachelor,Postgraduate,population
ADARE-RATHKEALE,2022,Females,232,648,1959,729,1368,1083,6019
ADARE-RATHKEALE,2022,Males,229,874,1743,676,1076,682,5280
ARDEE,2022,Females,272,734,1622,804,1212,845,5489
ARDEE,2022,Males,379,873,1549,589,863,563,4816
ARKLOW,2022,Females,259,701,1814,923,1117,798,5612
ARKLOW,2022,Males,317,835,1746,679,826,545,4948
ARTANE-WHITEHALL,2022,Females,543,2346,3541,1447,2132,1599,11608
ARTANE-WHITEHALL,2022,Males,470,1799,3089,1160,1652,1295,9465
ASHBOURNE,2022,Females,167,541,2098,932,1668,1208,6614
ASHBOURNE,2022,Males,229,644,1958,731,1256,911,5729
ATHENRY-ORANMORE,2022,Females,150,559,2064,896,1993,1791,7453
ATHENRY-ORANMORE,2022,Males,253,871,1932,736,1566,1231,6589
ATHLONE,2022,Females,118,362,1449,502,1126,870,4427
ATHLONE,2022,Males,170,580,1445,444,784,527,3950
ATHLONE_WESTMEATH,2022,Females,168,608,1497,534,1125,994,4926
ATHLONE_WESTMEATH,2022,Males,198,613,1494,481,976,836,4598
ATHY,2022,Females,228,661,1946,946,1153,773,5707
ATHY,2022,Males,325,832,1908,648,776,485,4974
BAILIEBOROUGH-COOTEHILL,2022,Females,272,678,1691,897,1011,649,5198
BAILIEBOROUGH-COOTEHILL,2022,Males,409,961,1571,634,615,359,4549
BALBRIGGAN,2022,Females,236,666,2583,1162,1740,1501,7888
BALBRIGGAN,2022,Males,281,633,2290,851,1437,1151,6643
BALLINA,2022,Females,279,810,2193,736,1116,765,5899
BALLINA,2022,Males,408,1000,1987,551,706,433,5085
BALLINAMORE,2022,Females,124,285,713,360,483,331,2296
BALLINAMORE,2022,Males,165,372,682,343,314,169,2045
BALLINASLOE,2022,Females,234,829,2142,876,1302,987,6370
BALLINASLOE,2022,Males,368,1288,1861,708,901,472,5598
BALLYBAY-CLONES,2022,Females,188,522,1040,567,779,496,3592
BALLYBAY-CLONES,2022,Males,318,819,1107,404,472,246,3366
BALLYFERMOT-DRIMNAGH,2022,Females,605,2496,2943,1350,1638,1353,10385
BALLYFERMOT-DRIMNAGH,2022,Males,619,1945,2881,1158,1331,1054,8988
BALLYJAMESDUFF,2022,Females,221,617,1766,996,1077,743,5420
BALLYJAMESDUFF,2022,Males,369,1004,1726,780,690,409,4978
BALLYMAHON,2022,Females,144,388,1035,462,671,506,3206
BALLYMAHON,2022,Males,215,517,905,442,430,311,2820
BALLYMOTE-TOBERCURRY,2022,Females,144,662,2089,901,1303,962,6061
BALLYMOTE-TOBERCURRY,2022,Males,231,1078,1903,717,806,494,5229
BALLYMUN-FINGLAS,2022,Females,745,2733,3937,1739,1694,1295,12143
BALLYMUN-FINGLAS,2022,Males,771,2093,3616,1306,1267,910,9963
BALTINGLASS,2022,Females,207,692,1784,884,1254,934,5755
BALTINGLASS,2022,Males,332,866,1641,630,870,563,4902
BANDON-KINSALE,2022,Females,181,671,2275,1231,2166,1892,8416
BANDON-KINSALE,2022,Males,330,848,2027,1022,1799,1238,7264
BANTRY-WEST CORK,2022,Females,184,596,1649,821,1121,915,5286
BANTRY-WEST CORK,2022,Males,277,926,1428,621,762,529,4543
BELMULLET,2022,Females,188,669,898,384,505,345,2989
BELMULLET,2022,Males,291,870,901,275,291,152,2780
BIRR,2022,Females,271,769,1944,808,1114,785,5691
BIRR,2022,Males,405,999,1793,655,672,419,4943
BLACKROCK,2022,Females,75,274,1592,514,2725,3297,8477
BLACKROCK,2022,Males,75,189,1150,321,2589,3076,7400
BLANCHARDSTOWN-MULHUDDART,2022,Females,262,597,1983,1041,1547,1236,6666
BLANCHARDSTOWN-MULHUDDART,2022,Males,235,536,1922,985,1221,966,5865
BORRIS-IN-OSSORY-MOUNTMELLICK,2022,Females,216,735,1962,871,1107,737,5628
BORRIS-IN-OSSORY-MOUNTMELLICK,2022,Males,302,1023,1904,573,627,343,4772
BOYLE,2022,Females,239,572,1743,734,1054,790,5132
BOYLE,2022,Males,335,862,1596,685,681,470,4629
BRAY EAST,2022,Females,158,524,1040,521,885,883,4011
BRAY EAST,2022,Males,179,430,1009,466,794,700,3578
BRAY WEST,2022,Females,120,383,1176,581,1035,945,4240
BRAY WEST,2022,Males,136,392,1089,403,822,698,3540
BUNCRANA,2022,Females,293,859,1203,619,1016,734,4724
BUNCRANA,2022,Males,366,1028,1277,525,626,438,4260
CABRA-GLASNEVIN,2022,Females,446,1702,3038,1151,3855,4092,14284
CABRA-GLASNEVIN,2022,Males,466,1666,3095,1186,3539,3499,13451
CAHIR,2022,Females,103,332,1084,480,629,453,3081
CAHIR,2022,Males,160,489,1040,422,434,227,2772
CALLAN-THOMASTOWN,2022,Females,176,523,1666,768,1440,1059,5632
CALLAN-THOMASTOWN,2022,Males,249,751,1662,639,961,607,4869
CAPPAMORE-KILMALLOCK,2022,Females,216,851,2591,1096,1522,1190,7466
CAPPAMORE-KILMALLOCK,2022,Males,357,1247,2377,871,1196,681,6729
CARLOW,2022,Females,151,579,1456,846,1071,788,4891
CARLOW,2022,Males,167,622,1390,661,834,600,4274
CARNDONAGH,2022,Females,268,753,983,552,751,512,3819
CARNDONAGH,2022,Males,329,1033,986,353,447,312,3460
CARRICK-ON-SHANNON,2022,Females,99,230,791,380,583,521,2604
CARRICK-ON-SHANNON,2022,Males,133,345,725,347,437,279,2266
CARRICK-ON-SUIR,2022,Females,192,537,1558,596,789,478,4150
CARRICK-ON-SUIR,2022,Males,273,743,1400,437,466,233,3552
CARRICKMACROSS-CASTLEBLAYNEY,2022,Females,266,564,1343,726,993,635,4527
CARRICKMACROSS-CASTLEBLAYNEY,2022,Males,382,709,1362,512,666,310,3941
CARRIGALINE,2022,Females,129,509,2432,1062,2136,2013,8281
CARRIGALINE,2022,Males,156,492,2142,846,1871,1479,6986
CASHEL-TIPPERARY,2022,Females,231,701,2179,846,1168,802,5927
CASHEL-TIPPERARY,2022,Males,330,959,2203,647,810,430,5379
CASTLEBAR,2022,Females,230,677,2104,938,1612,1257,6818
CASTLEBAR,2022,Males,345,907,2158,705,1143,765,6023
CASTLECOMER,2022,Females,169,578,1592,719,1186,827,5071
CASTLECOMER,2022,Males,285,877,1487,543,781,431,4404
CASTLEISLAND,2022,Females,142,501,1229,558,800,529,3759
CASTLEISLAND,2022,Males,207,699,1150,472,511,275,3314
CASTLEKNOCK,2022,Females,284,725,2641,927,2767,2839,10183
CASTLEKNOCK,2022,Males,204,638,2353,833,2600,2568,9196
CAVAN-BELTURBET,2022,Females,312,664,1569,940,1120,806,5411
CAVAN-BELTURBET,2022,Males,404,944,1491,885,758,495,4977
CELBRIDGE,2022,Females,94,324,1367,612,1340,1178,4915
CELBRIDGE,2022,Males,181,306,1281,477,1154,937,4336
CLANE,2022,Females,204,722,2008,902,1367,1089,6292
CLANE,2022,Males,320,795,1869,682,1040,719,5425
CLAREMORRIS,2022,Females,246,656,2273,808,1231,941,6155
CLAREMORRIS,2022,Males,328,1047,2095,715,900,546,5631
CLONDALKIN,2022,Females,415,1392,3565,1584,1863,1390,10209
CLONDALKIN,2022,Males,408,1192,3145,1440,1449,1097,8731
CLONMEL,2022,Females,179,646,1817,862,1044,791,5339
CLONMEL,2022,Males,196,708,1691,601,834,575,4605
CLONTARF,2022,Females,251,1317,3224,1184,4169,4312,14457
CLONTARF,2022,Males,260,995,2859,1056,3660,3577,12407
COBH,2022,Females,155,589,2415,1072,1741,1536,7508
COBH,2022,Males,194,635,2145,889,1534,1136,6533
CONAMARA NORTH,2022,Females,166,545,1119,545,806,785,3966
CONAMARA NORTH,2022,Males,271,860,1128,382,535,438,3614
CONAMARA SOUTH,2022,Females,180,503,1208,570,1191,1463,5115
CONAMARA SOUTH,2022,Males,308,762,1091,444,963,1021,4589
CORCA DHUIBHNE,2022,Females,87,302,990,398,790,659,3226
CORCA DHUIBHNE,2022,Males,128,475,1009,370,520,374,2876
CORK CITY NORTH EAST,2022,Females,305,1123,2938,1176,1874,1801,9217
CORK CITY NORTH EAST,2022,Males,356,958,2831,1004,1762,1420,8331
CORK CITY NORTH WEST,2022,Females,382,1661,2778,1026,1459,1305,8611
CORK CITY NORTH WEST,2022,Males,408,1421,2543,894,1283,1066,7615
CORK CITY SOUTH CENTRAL,2022,Females,213,830,2063,834,2203,2123,8266
CORK CITY SOUTH CENTRAL,2022,Males,231,784,2010,848,1989,1786,7648
CORK CITY SOUTH EAST,2022,Females,166,625,2699,1034,2950,2983,10457
CORK CITY SOUTH EAST,2022,Males,198,512,2385,843,2782,2481,9201
CORK CITY SOUTH WEST,2022,Females,225,896,2996,1126,3066,2776,11085
CORK CITY SOUTH WEST,2022,Males,252,761,2587,991,2673,2137,9401
DONAGHMEDE,2022,Females,349,1658,3230,1368,2096,1836,10537
DONAGHMEDE,2022,Males,359,1213,2936,1146,1879,1500,9033
DONEGAL,2022,Females,199,986,1813,938,1161,882,5979
DONEGAL,2022,Males,284,1307,1844,701,742,558,5436
DROGHEDA RURAL,2022,Females,136,419,1189,630,841,631,3846
DROGHEDA RURAL,2022,Males,163,398,1141,452,662,474,3290
DROGHEDA URBAN,2022,Females,355,1190,1737,911,1016,721,5930
DROGHEDA URBAN,2022,Males,320,930,1780,711,807,595,5143
DUNDALK SOUTH,2022,Females,277,931,2314,1029,1817,1268,7636
DUNDALK SOUTH,2022,Males,358,815,2181,808,1489,999,6650
DUNDALK-CARLINGFORD,2022,Females,301,817,1641,707,1006,708,5180
DUNDALK-CARLINGFORD,2022,Males,379,766,1532,614,777,492,4560
DUNDRUM,2022,Females,143,652,1673,665,2260,2527,7920
DUNDRUM,2022,Males,154,505,1372,490,2211,2342,7074
DUNGARVAN,2022,Females,167,537,1436,853,1131,921,5045
DUNGARVAN,2022,Males,219,689,1338,547,802,558,4153
DÚN LAOGHAIRE,2022,Females,228,725,2470,916,3115,4093,11547
DÚN LAOGHAIRE,2022,Males,249,610,1948,725,3022,3618,10172
EDENDERRY,2022,Females,186,692,1794,757,795,566,4790
EDENDERRY,2022,Males,267,845,1715,644,553,325,4349
ENNIS,2022,Females,178,652,2177,998,1712,1529,7246
ENNIS,2022,Males,228,653,2159,737,1382,998,6157
ENNISCORTHY,2022,Females,322,956,2056,980,1119,718,6151
ENNISCORTHY,2022,Males,447,1134,1952,750,746,424,5453
ENNISTIMON,2022,Females,102,338,1221,505,865,824,3855
ENNISTIMON,2022,Males,152,589,1135,403,636,462,3377
FERMOY,2022,Females,265,931,2566,1308,1717,1260,8047
FERMOY,2022,Males,347,1142,2489,923,1254,773,6928
FIRHOUSE-BOHERNABREENA,2022,Females,149,551,2358,971,2260,1995,8284
FIRHOUSE-BOHERNABREENA,2022,Males,173,526,2019,679,1993,1570,6960
GALWAY CITY CENTRAL,2022,Females,181,483,1251,624,1611,1622,5772
GALWAY CITY CENTRAL,2022,Males,209,533,1256,521,1456,1170,5145
GALWAY CITY EAST,2022,Females,171,438,1568,765,1442,1261,5645
GALWAY CITY EAST,2022,Males,196,436,1481,734,1269,965,5081
GALWAY CITY WEST,2022,Females,89,198,1198,581,1677,2109,5852
GALWAY CITY WEST,2022,Males,84,213,1074,408,1390,1583,4752
GLENCULLEN-SANDYFORD,2022,Females,132,543,2297,976,3369,3746,11063
GLENCULLEN-SANDYFORD,2022,Males,158,452,2023,715,3230,3319,9897
GLENTIES,2022,Females,296,1123,1603,744,997,823,5586
GLENTIES,2022,Males,412,1451,1498,462,640,448,4911
GOREY,2022,Females,261,740,2157,1077,1366,1004,6605
GOREY,2022,Males,347,883,2021,767,948,597,5563
GORT-KINVARA,2022,Females,135,374,1399,613,1464,1544,5529
GORT-KINVARA,2022,Males,206,639,1369,513,1184,1031,4942
GRAIGUECULLEN-PORTARLINGTON,2022,Females,202,586,1922,1004,1387,1011,6112
GRAIGUECULLEN-PORTARLINGTON,2022,Males,308,789,1944,696,949,596,5282
GRANARD,2022,Females,98,309,750,356,434,325,2272
GRANARD,2022,Males,185,472,760,319,281,139,2156
GREYSTONES,2022,Females,104,384,1549,768,1921,1902,6628
GREYSTONES,2022,Males,126,393,1435,553,1711,1597,5815
HOWTH-MALAHIDE,2022,Females,246,1030,4480,1561,4261,4293,15871
HOWTH-MALAHIDE,2022,Males,257,884,3745,1211,4164,3720,13981
Ireland,2022,Females,35905,118710,316845,140704,249667,218551,1080382
Ireland,2022,Males,45375,132509,296633,113188,200856,160865,949426
KANTURK,2022,Females,231,742,1789,852,1138,749,5501
KANTURK,2022,Males,318,944,1723,725,729,365,4804
KELLS,2022,Females,285,772,2482,1098,1452,1094,7183
KELLS,2022,Males,416,1176,2252,789,992,587,6212
KENMARE,2022,Females,216,723,1817,855,1203,992,5806
KENMARE,2022,Males,316,945,1727,697,857,607,5149
KILDARE,2022,Females,247,705,2043,858,1141,867,5861
KILDARE,2022,Males,301,795,1869,686,855,599,5105
KILKENNY,2022,Females,215,588,1829,863,1661,1328,6484
KILKENNY,2022,Males,237,651,1715,678,1237,947,5465
KILLALOE,2022,Females,97,360,1340,559,1159,984,4499
KILLALOE,2022,Males,168,547,1236,502,818,618,3889
KILLARNEY,2022,Females,214,677,2045,887,1486,1099,6408
KILLARNEY,2022,Males,223,787,1938,924,1076,716,5664
KILLINEY-SHANKILL,2022,Females,234,940,2472,973,2346,2360,9325
KILLINEY-SHANKILL,2022,Males,224,758,2156,737,2170,2072,8117
KILMUCKRIDGE,2022,Females,167,499,1260,624,841,530,3921
KILMUCKRIDGE,2022,Males,235,602,1271,418,541,293,3360
KILRUSH,2022,Females,186,609,1650,742,952,718,4857
KILRUSH,2022,Males,258,952,1572,587,580,325,4274
KIMMAGE-RATHMINES,2022,Females,411,1580,2661,1037,4245,4937,14871
KIMMAGE-RATHMINES,2022,Males,419,1312,2405,988,3815,3995,12934
KINNEGAD,2022,Females,210,555,1533,738,946,672,4654
KINNEGAD,2022,Males,252,645,1482,544,624,381,3928
LAYTOWN-BETTYSTOWN,2022,Females,226,828,2498,1147,1811,1478,7988
LAYTOWN-BETTYSTOWN,2022,Males,295,882,2377,864,1427,1068,6913
LEIXLIP,2022,Females,73,307,1001,448,1032,833,3694
LEIXLIP,2022,Males,77,273,1002,358,859,678,3247
LETTERKENNY,2022,Females,263,748,1812,762,1584,1299,6468
LETTERKENNY,2022,Males,328,966,1844,625,1219,1008,5990
LIFFORD-STRANORLAR,2022,Females,427,1071,1709,808,1084,640,5739
LIFFORD-STRANORLAR,2022,Males,547,1379,1749,560,607,366,5208
LIMERICK CITY EAST,2022,Females,276,839,2167,826,1769,1570,7447
LIMERICK CITY EAST,2022,Males,300,877,2013,712,1797,1289,6988
LIMERICK CITY NORTH,2022,Females,280,1189,2601,997,1321,1086,7474
LIMERICK CITY NORTH,2022,Males,286,1101,2235,754,1305,923,6604
LIMERICK CITY WEST,2022,Females,169,643,2012,906,2019,1682,7431
LIMERICK CITY WEST,2022,Males,261,695,1881,812,1902,1346,6897
LISMORE,2022,Females,70,313,760,432,485,366,2426
LISMORE,2022,Males,129,444,744,284,320,168,2089
LISTOWEL,2022,Females,236,841,2129,878,1180,879,6143
LISTOWEL,2022,Males,371,1224,2029,748,775,447,5594
LONGFORD,2022,Females,196,485,1102,570,563,394,3310
LONGFORD,2022,Males,238,515,1017,513,430,259,2972
LOUGHREA,2022,Females,142,569,1748,737,1198,988,5382
LOUGHREA,2022,Males,221,904,1632,566,873,544,4740
LUCAN,2022,Females,249,641,2857,1295,3031,2598,10671
LUCAN,2022,Males,268,579,2762,1105,2517,2154,9385
MACROOM,2022,Females,159,610,2355,1127,2161,1789,8201
MACROOM,2022,Males,292,918,2205,1009,1632,1057,7113
MALLOW,2022,Females,184,677,1978,1048,1354,1105,6346
MALLOW,2022,Males,234,728,1898,777,1051,624,5312
MANORHAMILTON,2022,Females,119,262,694,371,524,478,2448
MANORHAMILTON,2022,Males,183,387,692,282,386,249,2179
MAYNOOTH,2022,Females,111,408,1569,674,2027,2134,6923
MAYNOOTH,2022,Males,143,442,1508,580,1810,1695,6178
MIDLETON,2022,Females,288,906,3088,1636,2275,1950,10143
MIDLETON,2022,Males,317,1042,2867,1228,1834,1241,8529
MILFORD,2022,Females,143,502,879,414,681,568,3187
MILFORD,2022,Males,195,654,897,313,454,316,2829
MOATE,2022,Females,150,455,1349,530,941,723,4148
MOATE,2022,Males,225,647,1257,460,624,394,3607
MONAGHAN,2022,Females,265,612,1415,742,1008,679,4721
MONAGHAN,2022,Males,363,780,1378,602,641,360,4124
MUINEBEAG,2022,Females,89,466,1077,554,746,560,3492
MUINEBEAG,2022,Males,129,705,985,421,513,296,3049
MULLINGAR,2022,Females,234,601,1807,847,1264,1013,5766
MULLINGAR,2022,Males,271,600,1659,661,1000,708,4899
NAAS,2022,Females,182,611,2552,1126,2810,2580,9861
NAAS,2022,Males,227,582,2407,925,2452,1923,8516
NAVAN,2022,Females,285,771,2549,1240,1482,1206,7533
NAVAN,2022,Males,358,821,2459,961,1232,850,6681
NENAGH,2022,Females,161,489,1642,766,1087,835,4980
NENAGH,2022,Males,224,764,1537,606,703,490,4324
NEW ROSS,2022,Females,253,854,2105,1003,1267,812,6294
NEW ROSS,2022,Males,374,1150,1906,766,809,426,5431
NEWBRIDGE,2022,Females,240,729,2500,1124,1719,1472,7784
NEWBRIDGE,2022,Males,277,759,2290,814,1331,1123,6594
NEWCASTLE WEST,2022,Females,229,836,2086,838,1200,818,6007
NEWCASTLE WEST,2022,Males,338,1280,1798,772,785,407,5380
NEWPORT,2022,Females,91,291,1062,442,843,793,3522
NEWPORT,2022,Males,141,420,1027,368,703,499,3158
NORTH INNER CITY,2022,Females,543,1432,2501,1064,3405,3860,12805
NORTH INNER CITY,2022,Males,659,1365,2966,1315,3332,3605,13242
ONGAR,2022,Females,235,608,2516,1172,1855,1557,7943
ONGAR,2022,Males,195,490,2364,933,1453,1217,6652
PALMERSTOWN-FONTHILL,2022,Females,359,1127,1578,639,556,439,4698
PALMERSTOWN-FONTHILL,2022,Males,375,874,1481,542,450,333,4055
PEMBROKE,2022,Females,102,297,1417,474,4080,5199,11569
PEMBROKE,2022,Males,110,261,1074,421,3769,4572,10207
PILTOWN,2022,Females,160,446,1510,717,1099,719,4651
PILTOWN,2022,Males,203,557,1431,570,742,464,3967
PORTLAOISE,2022,Females,222,593,2190,1056,1431,1085,6577
PORTLAOISE,2022,Males,294,764,2259,867,1087,666,5937
PORTLAW-KILMACTHOMAS,2022,Females,113,440,1224,562,929,658,3926
PORTLAW-KILMACTHOMAS,2022,Males,169,661,1102,398,605,383,3318
RATHFARNHAM-TEMPLEOGUE,2022,Females,254,1391,3584,1261,3533,3540,13563
RATHFARNHAM-TEMPLEOGUE,2022,Males,254,1009,2773,1003,3418,3085,11542
RATOATH,2022,Females,162,477,2350,1041,2164,1946,8140
RATOATH,2022,Males,211,603,2155,744,1854,1478,7045
ROSCOMMON,2022,Females,228,575,1855,730,1001,808,5197
ROSCOMMON,2022,Males,330,861,1654,650,710,408,4613
ROSCREA-TEMPLEMORE,2022,Females,151,460,1216,555,684,434,3500
ROSCREA-TEMPLEMORE,2022,Males,188,597,1316,486,417,243,3247
ROSSLARE,2022,Females,221,691,1757,747,982,710,5108
ROSSLARE,2022,Males,333,843,1675,541,662,429,4483
RUSH-LUSK,2022,Females,226,610,2520,1159,1960,1639,8114
RUSH-LUSK,2022,Males,263,719,2277,864,1630,1265,7018
SHANNON,2022,Females,172,601,2269,920,1326,1001,6289
SHANNON,2022,Males,194,641,2151,752,1145,784,5667
SKIBBEREEN-WEST CORK,2022,Females,196,664,2042,1138,1679,1380,7099
SKIBBEREEN-WEST CORK,2022,Males,329,893,1951,910,1238,774,6095
SLIGO-DRUMCLIFF,2022,Females,83,303,1174,472,1080,984,4096
SLIGO-DRUMCLIFF,2022,Males,101,379,1065,444,808,649,3446
SLIGO-STRANDHILL,2022,Females,156,617,1374,628,1138,930,4843
SLIGO-STRANDHILL,2022,Males,155,573,1315,582,882,642,4149
SOUTH EAST INNER CITY,2022,Females,263,885,1352,595,2504,3303,8902
SOUTH EAST INNER CITY,2022,Males,288,804,1493,541,2501,3143,8770
SOUTH WEST INNER CITY,2022,Females,311,977,1589,705,2562,2981,9125
SOUTH WEST INNER CITY,2022,Males,340,824,1810,764,2533,2604,8875
STILLORGAN,2022,Females,57,169,1640,495,2294,2806,7461
STILLORGAN,2022,Males,52,131,1174,300,2416,2691,6764
SWINFORD,2022,Females,198,529,1429,584,818,581,4139
SWINFORD,2022,Males,372,807,1360,463,556,317,3875
SWORDS,2022,Females,224,746,3242,1423,2301,1872,9808
SWORDS,2022,Males,220,694,3091,1217,1983,1404,8609
TALLAGHT CENTRAL,2022,Females,309,1698,2372,1136,1243,773,7531
TALLAGHT CENTRAL,2022,Males,292,1290,2279,1083,989,598,6531
TALLAGHT SOUTH,2022,Females,462,1135,2895,1366,1162,862,7882
TALLAGHT SOUTH,2022,Males,390,996,2772,936,945,590,6629
THURLES,2022,Females,132,476,1581,574,920,605,4288
THURLES,2022,Males,180,625,1457,408,597,379,3646
TRALEE,2022,Females,254,806,2359,1003,1589,1155,7166
TRALEE,2022,Males,330,831,2195,910,1200,833,6299
TRAMORE-WATERFORD CITY WEST,2022,Females,133,560,1615,780,1175,844,5107
TRAMORE-WATERFORD CITY WEST,2022,Males,185,564,1626,632,879,661,4547
TRIM,2022,Females,232,727,2204,999,1475,1175,6812
TRIM,2022,Males,307,908,2063,757,1086,813,5934
TUAM,2022,Females,190,763,2452,1037,1541,1239,7222
TUAM,2022,Males,312,1115,2374,840,1188,806,6635
TULLAMORE,2022,Females,287,735,2024,848,1265,1085,6244
TULLAMORE,2022,Males,370,848,1990,650,905,676,5439
TULLOW,2022,Females,140,496,1242,774,840,618,4110
TULLOW,2022,Males,164,679,1189,490,532,315,3369
WATERFORD CITY EAST,2022,Females,74,413,1497,622,1434,1158,5198
WATERFORD CITY EAST,2022,Males,112,419,1307,448,1165,985,4436
WATERFORD CITY SOUTH,2022,Females,187,993,1719,779,872,425,4975
WATERFORD CITY SOUTH,2022,Males,207,912,1640,650,598,356,4363
WESTPORT,2022,Females,167,459,1365,571,1039,971,4572
WESTPORT,2022,Males,185,580,1300,434,730,531,3760
WEXFORD,2022,Females,289,928,2262,984,1493,1049,7005
WEXFORD,2022,Males,348,892,2163,779,1079,786,6047
WICKLOW,2022,Females,233,592,1969,1029,1609,1408,6840
WICKLOW,2022,Males,319,669,1973,720,1280,938,5899
