CSO_LEA,p_age_12to17,p_age_18to54,p_age_55to64,p_age_65to70,p_age_71plus,p_edu_NoFormal,p_edu_Primary,p_edu_UpperSecondary,p_edu_Apprenticeship,p_edu_HonoursBachelor,p_edu_Postgraduate,p_health_VeryBad,p_health_Bad,p_health_Fair,p_health_Good,p_health_VeryGood
ADARE-RATHKEALE,0.107471412604247,0.504771730719629,0.164302295589373,0.13133006620239,0.0921244948843608,0.04080007080272591,0.1347021860341623,0.3276396141251438,0.12434728737056376,0.21630232763961413,0.15620851402779007,0.00375953571558929,0.01536664598313684,0.09271088075336716,0.32394057743548565,0.5642223601124211
ARDEE,0.126323218066337,0.543824982357092,0.147447659374265,0.103505057633498,0.0788990825688073,0.06317321688500728,0.1559437166424066,0.3077147016011645,0.13517709849587578,0.20135856380397865,0.1366327025715672,0.00321418890136699,0.01339890795027688,0.09522518684893312,0.3077101808465322,0.5804515354528909
ARKLOW,0.120059488935959,0.532786515841183,0.156203524268782,0.113119113074046,0.0778313578800306,0.05454545454545454,0.14545454545454545,0.3371212121212121,0.15170454545454545,0.18399621212121212,0.1271780303030303,0.00384716931316712,0.01652019763889413,0.09655640629125337,0.31939048768528644,0.563685739071399
ARTANE-WHITEHALL,0.0874915873473704,0.548336698394385,0.142366118642438,0.0957359869243342,0.126069608691472,0.04807099131590187,0.1966971954633892,0.3146206045650833,0.123712807858397,0.17956626963412897,0.1373321311630997,0.00519568293661689,0.02215557479882569,0.11884596700952542,0.3305383656831478,0.5232644095718841
ASHBOURNE,0.124256883604506,0.591989987484355,0.126329787234043,0.0986780350438048,0.0587453066332916,0.03208296200275459,0.09600583326581869,0.3286073077857895,0.1347322368954063,0.2368954063031678,0.1716762537470631,0.00243346956603126,0.0109818113749103,0.07369045019186972,0.3100489813745983,0.6028452874925904
ATHENRY-ORANMORE,0.124542124542125,0.566630036630037,0.140879120879121,0.0964468864468864,0.0715018315018315,0.02869961543939609,0.10183734510753452,0.2845748468879077,0.1162227602905569,0.25345392394245836,0.2152115083321464,0.00234233700002965,0.01008094405076051,0.07640762593767604,0.3056601535861476,0.6055089394253862
ATHLONE,0.120127718537261,0.526296764865353,0.158985481053076,0.113621302488102,0.0809687330562082,0.03437984958815805,0.11245075802793364,0.34546973856989377,0.11292825593888028,0.2280052524770204,0.16676614539811388,0.00325107137579429,0.01231466430225112,0.08206492291020147,0.3060440372395449,0.5963253041722083
ATHLONE_WESTMEATH,0.0944645954896704,0.567576092099038,0.140514114492982,0.114072438626925,0.0833727592913841,0.03842923141537169,0.12820243595128095,0.3140487190256195,0.10657286854262916,0.22060058798824023,0.19214615707685848,0.003614512266751,0.01662675642705462,0.09926354312564949,0.3348393801111463,0.5456558080693986
ATHY,0.126203160675113,0.55634149617227,0.145006043783856,0.103415857098088,0.069033442270672,0.05177417844771088,0.13978091938957027,0.3608276378616234,0.1492369628311956,0.1806010673157944,0.11777923415410542,0.00426063321824726,0.01759347682362447,0.09916991111437597,0.31499302137662527,0.563982957467127
BAILIEBOROUGH-COOTEHILL,0.117493857493857,0.527272727272727,0.155921375921376,0.116658476658477,0.0826535626535626,0.06986765158510311,0.1681543038883759,0.3346670770493485,0.1570739714784036,0.16682056017236072,0.10341643582640812,0.00278631427986068,0.01446424912927678,0.08494161032575293,0.30223314894488834,0.5955746773202213
BALBRIGGAN,0.139458758710096,0.596532166585643,0.121860314373683,0.0896451142440447,0.0525036460865338,0.03557910673732021,0.08939508636707728,0.33535200605601817,0.13853141559424678,0.21863601954442227,0.18250636570091527,0.00389975041597337,0.01614496672212978,0.08829034941763728,0.31886959234608986,0.5727953410981698
BALLINA,0.105697369698146,0.491798505289721,0.160826943608658,0.136901873240804,0.104775308162671,0.0625455207574654,0.1647851420247633,0.3805535324107793,0.11717042971595049,0.165877640203933,0.10906773488710853,0.00365877908132829,0.01729966196062835,0.10988268045337043,0.3321137403062239,0.537045138198449
BALLINAMORE,0.105620043673141,0.47661188369153,0.169865532697391,0.148488679462131,0.0994138604758074,0.06657452199953928,0.15134761575673808,0.3213545266067726,0.16194425247638794,0.1835982492513246,0.1151808339092375,0.00200573065902578,0.0169054441260745,0.10487106017191976,0.32368672397325693,0.5525310410697231
BALLINASLOE,0.10296484540449,0.489284201609487,0.158703939008895,0.136213468869123,0.112833545108005,0.05030080213903743,0.1768883689839572,0.33447526737967914,0.1323529411764706,0.18407419786096255,0.12190842245989304,0.00448681996634885,0.01510796410544026,0.10144419517666854,0.3277131239484016,0.5512478968031408
BALLYBAY-CLONES,0.12055598239854701,0.513515401271216,0.149542501920793,0.12726129775791,0.0891248166515331,0.07272204656510492,0.19272779534348952,0.308565679793044,0.13955159528600172,0.17979304397815463,0.10663983903420524,0.00282956058588548,0.01192853972481136,0.091988459831336,0.3079227696404794,0.5853306702174877
BALLYFERMOT-DRIMNAGH,0.0881157033300736,0.591100931597097,0.141978485768696,0.104920479695301,0.0738843996088322,0.06318071542868942,0.22923656635523668,0.3006245806018686,0.12945852475094202,0.15325452949981933,0.12424508336344396,0.00593031875463306,0.02517994213156699,0.1259236232334585,0.34701929744852816,0.49594681843181326
BALLYJAMESDUFF,0.127963176064442,0.538780207134637,0.146881472957422,0.106283084004603,0.0800920598388953,0.05674168109251779,0.15589536449317176,0.3358338141950375,0.17080207732256203,0.16993652625504904,0.11079053664166186,0.00289467824537964,0.01339716469976991,0.0915534773250204,0.3152972611890448,0.5768574185407853
BALLYMAHON,0.113769044567849,0.56386159760786,0.138117613555461,0.108999003274954,0.0752527409938773,0.0595751742449386,0.15018254231662795,0.3219382675074676,0.15001659475605708,0.18270826418851643,0.1355791569863923,0.00411078913673428,0.01644315654693712,0.10485881797964824,0.33196307028775524,0.5426241660489252
BALLYMOTE-TOBERCURRY,0.114106969777073,0.480350691690898,0.166490439686316,0.135650718124945,0.103401180720768,0.03321523472099202,0.15411868910540302,0.35358724534986713,0.1433126660761736,0.18680248007085917,0.12896368467670505,0.0031128689665275,0.01417270929466051,0.1038599575184941,0.32410459239727535,0.5547498718230426
BALLYMUN-FINGLAS,0.101909827419825,0.568392468412666,0.14086940909805,0.0961197513409188,0.0927085437285397,0.06857866642540486,0.21831177056002896,0.3416719442685244,0.13774540848638378,0.13394553514882837,0.09974667511082964,0.00671463832991674,0.02606367401581391,0.1224114127933732,0.34163075764548384,0.5031795172154123
BALTINGLASS,0.11838768115942,0.526766304347826,0.158378623188406,0.11195652173913,0.0845108695652174,0.05057708548371962,0.14619498920897062,0.3213850051609271,0.14206624753683025,0.1993056207187764,0.14047105189077602,0.00377570093457943,0.01405607476635514,0.08650467289719627,0.31450467289719625,0.5811588785046728
BANDON-KINSALE,0.122738447960663,0.536815230410389,0.150381390657505,0.107262182437118,0.0828027485343252,0.03258928571428571,0.096875,0.2743622448979592,0.14368622448979593,0.2528698979591837,0.1996173469387755,0.00220863937541733,0.01106887873028917,0.07265396270994914,0.30194154810211105,0.6121269710822332
BANTRY-WEST CORK,0.0939045312342315,0.441467352911495,0.191038449894036,0.156423453426178,0.11716621253406,0.04690202462101943,0.1548478990741683,0.3130532098891037,0.14670871909655103,0.1915759487231661,0.14691219859599144,0.00410857117881026,0.01429258271777612,0.10406923379518336,0.3385637484155776,0.5389658638926527
BELMULLET,0.088393616016621,0.42317499291717797,0.173009727075267,0.178298234016432,0.137123429974502,0.08302998786618132,0.2667706708268331,0.31183914023227594,0.1142312359161033,0.13797885248743283,0.08615011267117352,0.00562163923741241,0.02207919178751833,0.14803649991852696,0.3459344956819293,0.47832817337461303
BIRR,0.10649701715138,0.506058911260254,0.157485085756898,0.131991051454139,0.0979679343773304,0.06356968215158924,0.16625916870415647,0.3514199736693624,0.13757758134286252,0.16795185254842956,0.11322174158359978,0.00418053727645738,0.01749632267554386,0.10071998141983432,0.33889448014244794,0.5387086784857165
BLACKROCK,0.0913057949040346,0.519655338190156,0.153877445360748,0.112273954365593,0.122887467179468,0.00944762864521005,0.02916168041821502,0.17270265163443976,0.05259179945833596,0.3346979908043081,0.40139824903949106,0.00207582880517736,0.00989071371878625,0.06886867330117834,0.27071249771048295,0.6484522864643751
BLANCHARDSTOWN-MULHUDDART,0.136427332176698,0.69631656212465,0.0856799679701054,0.049713065527826,0.0318630722007207,0.03966163913494534,0.090415768893145,0.31162716463171336,0.16167903599074296,0.22089218737530925,0.17572420397414412,0.00343347639484978,0.01396280400572246,0.08,0.33007153075822604,0.5725321888412017
BORRIS-IN-OSSORY-MOUNTMELLICK,0.118837220532136,0.527693273455985,0.152542372881356,0.115843353131489,0.0850837799990342,0.04980769230769231,0.16903846153846153,0.37173076923076925,0.13884615384615384,0.16673076923076924,0.10384615384615384,0.00338063603129053,0.0163921537796297,0.09898187821848344,0.320059750776367,0.5611855811942293
BOYLE,0.101677629901586,0.474427617153638,0.167661006577941,0.148131150884708,0.108102595482127,0.05880545026124372,0.14691117713349042,0.34207560700747874,0.14537444933920704,0.17774818153877678,0.1290851347198033,0.00440849169662729,0.01831878103064543,0.1140215716486903,0.3381698339325458,0.5250813216914911
BRAY EAST,0.0852366538249862,0.526141992294992,0.146326362135388,0.129334067143643,0.112960924600991,0.04440637765186454,0.12570826195809726,0.26999604691000134,0.13005666095664778,0.22124127025958623,0.2085913822638029,0.00469172932330827,0.01720300751879699,0.10796992481203008,0.34201503759398494,0.5281203007518797
BRAY WEST,0.112948022748314,0.536106335140854,0.16856235947626,0.10864964951726,0.0737336331173125,0.03290488431876606,0.09961439588688946,0.2911311053984576,0.12647814910025706,0.23868894601542415,0.21118251928020565,0.00354590282010083,0.01296470718599368,0.08593273865588122,0.30040445454041775,0.5971521967976066
BUNCRANA,0.131118979373911,0.519923565447086,0.150621030742427,0.111335918619682,0.0870005058168943,0.0733526268922529,0.210040071237756,0.27604630454140694,0.12733748886910062,0.1827693677649154,0.13045414069456812,0.00389014958551382,0.01542166442828694,0.10679386838327236,0.3131570416338628,0.5607372759690641
CABRA-GLASNEVIN,0.0593179215435082,0.641180923542771,0.129641491488577,0.0896756536423455,0.0801840097827986,0.03288263926446728,0.12143500991526952,0.2211285379484406,0.08426176311519741,0.2665945556156481,0.2736974941409771,0.00414598221591838,0.01798410706817231,0.0960304038695834,0.3217864091793501,0.5600530976669758
CAHIR,0.11071984276472,0.512734419785439,0.156907706166571,0.127999344853001,0.0916386864302678,0.04493422176661541,0.1402699470357082,0.362890825217837,0.15410900392960877,0.18161626516316415,0.11617973688706648,0.00345017940932928,0.01359370687275738,0.09446591222743583,0.3430858404637041,0.5454043610267734
CALLAN-THOMASTOWN,0.118676677616143,0.503003284842797,0.16316283435007,0.123510089160019,0.0916471140309714,0.04047233596800304,0.12132177887820209,0.31692219788591564,0.13398723931054185,0.22864489096276544,0.15865155699457195,0.00342186102578061,0.01244313100283859,0.08484659952560564,0.30718979663257767,0.5920986118131975
CAPPAMORE-KILMALLOCK,0.118948161336712,0.508594124494967,0.146750667671027,0.131856467849072,0.093850578648223,0.04036632617118704,0.14779852060584714,0.3499823881648468,0.1385699189855583,0.19147587178584008,0.13180697428672067,0.00366825242161976,0.01455837679830343,0.09855562560898722,0.3271909210752565,0.5560268240958331
CARLOW,0.106129543479372,0.585041664536578,0.132559685087674,0.0984101017330402,0.0778590051633352,0.03469721767594108,0.1310420076377523,0.3105291871249318,0.16442989634478997,0.2078559738134206,0.1514457174031642,0.00493250259605399,0.02102803738317757,0.11197646244375216,0.3428521979923849,0.5192107995846313
CARNDONAGH,0.126100129851392,0.485283508873178,0.148391285528784,0.139013129418554,0.101211946328091,0.08201676054403077,0.2453633740898475,0.2705041901360077,0.1243302651463113,0.1645830471218574,0.11320236296194532,0.00379185625947964,0.01685917629214794,0.10745537276863844,0.32936646832341615,0.5425271263563178
CARRICK-ON-SHANNON,0.107117617364967,0.526299848561333,0.142655224634023,0.128319030792529,0.0956082786471479,0.04763860369609856,0.11806981519507188,0.31129363449691994,0.1492813141683778,0.20944558521560577,0.16427104722792607,0.00251593425025159,0.01828245555182824,0.1101140556860114,0.3223750419322375,0.5467125125796712
CARRICK-ON-SUIR,0.113040243070627,0.493024121039251,0.167979165374837,0.128170149438829,0.0977863210764556,0.06037392884964944,0.16619059984419632,0.3840560893274474,0.13412100753051157,0.16294468969098935,0.09231368475720592,0.00601160862354892,0.02026326699834162,0.10867537313432836,0.3169568822553897,0.5480928689883914
CARRICKMACROSS-CASTLEBLAYNEY,0.119529827272226,0.549528171734452,0.137078527675073,0.109044754704487,0.084818718613763,0.07652338214454417,0.15033065658951347,0.3194378837978271,0.1461974492205952,0.1959140292867265,0.11159659896079356,0.00327839403601742,0.01446086136435083,0.09336686576548256,0.31337854223739164,0.5755153365967576
CARRIGALINE,0.123528633778601,0.566161883348763,0.148293876471366,0.100052903055151,0.0619627033461182,0.0186677146787188,0.06556625401192114,0.29960044540512215,0.124975437217528,0.26246151830746056,0.22872863037924937,0.00230965066533686,0.00986850738825752,0.06548384556835779,0.28962494422718565,0.6327130521508622
CASHEL-TIPPERARY,0.107607000519841,0.514338936059608,0.15638537515162,0.124761739733148,0.0969069485357824,0.04961967097116575,0.14682469485229083,0.38758181496550503,0.13205377675570493,0.17495135326375377,0.10896868919157968,0.00349953099069196,0.01724511147990475,0.10365105707482504,0.3300743199365034,0.5455299805180749
CASTLEBAR,0.103808929128942,0.513307836403372,0.161098969715891,0.129995316890415,0.09178894786138,0.04477844404641383,0.12335487890351218,0.33190561482750564,0.12794953664044856,0.21454715364846977,0.15746437193365004,0.00270993753924452,0.01609438514161076,0.09484781387355828,0.3282990184738425,0.5580488449717439
CASTLECOMER,0.11237727018365,0.507198453477133,0.163249732919571,0.124027064150176,0.0931474792694714,0.0479155672823219,0.15356200527704486,0.3249604221635884,0.13319261213720315,0.207598944591029,0.13277044854881268,0.00351420323808726,0.01342927665983349,0.08739488767100365,0.31297326695393884,0.5826883654771368
CASTLEISLAND,0.107682792743266,0.501305662451897,0.160940076965366,0.137575590984057,0.0924958768554151,0.0493425703379047,0.1696592676374947,0.33634949809133324,0.14562420472218296,0.18535274989396297,0.11367170931712144,0.00320586214792763,0.01150675520952599,0.08959239752690634,0.3276849095488894,0.5680100755667506
CASTLEKNOCK,0.102601745371503,0.58839681374548,0.131147540983607,0.111845145855422,0.0660087540439877,0.02518189793074978,0.07033386655658187,0.2577016357913205,0.09081995975024512,0.2769492749883895,0.27901336498271323,0.0024297749619638,0.01208075027817517,0.07386970047914254,0.29940731657469855,0.61221245770602
CAVAN-BELTURBET,0.109843742755135,0.541011730885149,0.145314601010804,0.118143459915612,0.0856864654333009,0.06892568348093954,0.1547939930689257,0.2945706584520601,0.17568348093954564,0.18078552175587215,0.1252406623026569,0.00421190927006453,0.01568839599675412,0.105220449012713,0.32524440666177207,0.5496348390586963
CELBRIDGE,0.11703628463405,0.580046272783703,0.153828790700299,0.103662321539417,0.0454263303425315,0.02972651605231866,0.06810074586531185,0.28623932547832664,0.11771700356718191,0.26959247648902823,0.22862393254783267,0.00218888230197455,0.01012358064663231,0.07793333029321903,0.31269095717998996,0.5970632495781841
CLANE,0.12660123107636,0.577274995840958,0.143154217268341,0.0942438862086175,0.0587256696057228,0.04472134505419476,0.12947000085346078,0.3308867457540326,0.13518818810275668,0.2054280105829137,0.15430570965264143,0.00286745606045272,0.01315656310090071,0.08379718651958304,0.3169382316229801,0.5832405626960834
CLAREMORRIS,0.106487619210538,0.510156951631527,0.15169139973485,0.126673224137194,0.104990805285891,0.04870184965212965,0.14449346682504666,0.37060919735279146,0.1292211097912778,0.18080773799423044,0.12616663838452402,0.00347750489024125,0.01401869158878504,0.10008693762225604,0.34662754473665147,0.5357893211620662
CLONDALKIN,0.111828815123326,0.610993341147717,0.124872184951493,0.0942215128313839,0.0580841459460808,0.04345300950369588,0.13643083421330518,0.3542766631467793,0.159662090813094,0.17486800422386484,0.13130939809926082,0.00417000126363674,0.01665894444210437,0.09740533254707048,0.33435828313887367,0.5474074386083148
CLONMEL,0.106006541778174,0.520566954108435,0.156457528000793,0.12359996035286,0.0933690157597383,0.03771118262268705,0.13616251005631536,0.35277554304102976,0.14712389380530974,0.18885760257441672,0.13736926790024134,0.00428237736828445,0.01777835452893849,0.1061510511289904,0.34081667964356777,0.5309715373302188
CLONTARF,0.077191680670435,0.553261604940966,0.151655354531765,0.114859998690557,0.103031361166277,0.01902173913043478,0.08606313281715307,0.22643686718284697,0.08338296605122096,0.2914309112567004,0.2936643835616438,0.00337689032447511,0.01374614594039054,0.08473425341359565,0.2897702246366172,0.6083724856849214
COBH,0.123913799096281,0.580743830378867,0.133611400764685,0.0962113312478276,0.0655196385123392,0.02485577950288441,0.08717327825653444,0.32476319350473615,0.13966241720675163,0.2332454953350901,0.19029983619400329,0.00300158416942275,0.01170061977154609,0.07737416970067536,0.29693449320474696,0.6109891331536088
CONAMARA NORTH,0.104132901134522,0.457725553754727,0.170380875202593,0.161669367909238,0.10609130199892,0.05765171503957783,0.1853562005277045,0.2964379947229551,0.12229551451187336,0.17691292875989445,0.16134564643799473,0.00423188405797101,0.01478260869565217,0.11333333333333331,0.3402898550724638,0.5273623188405797
CONAMARA SOUTH,0.110358799381564,0.500346537292744,0.164258676760676,0.131097723516554,0.0939382630484619,0.05028854080791426,0.13035861500412202,0.2369126133553174,0.10449299258037922,0.22197032151690024,0.2559769167353669,0.00322375590265165,0.01343988376316745,0.09353432618961131,0.29399745731928806,0.5958045768252815
CORCA DHUIBHNE,0.0965070514922926,0.482617251557888,0.168907838635618,0.151771072482781,0.10019678583142,0.03523434939364143,0.12733529990167158,0.3275975090134382,0.12586037364798427,0.2146837102589315,0.169288757784333,0.00229869044302034,0.0114934522151017,0.09299247701309556,0.33142936751184177,0.5617860128169406
CORK CITY NORTH EAST,0.0954583921015515,0.593399153737659,0.134950634696756,0.0993229901269393,0.0768688293370945,0.03766811032596307,0.11858901299293367,0.3287554137223615,0.12423068155915204,0.20720310006838383,0.18355368133120584,0.00383735517673972,0.01734189358718913,0.0949991390549283,0.32152608663567267,0.5622955255454702
CORK CITY NORTH WEST,0.0913540929464496,0.571066289219155,0.144049304081151,0.112556027364945,0.0809742863882991,0.04868729200049303,0.18994206828546775,0.3279304819425613,0.11832860840626155,0.16898804388019228,0.14612350548502404,0.00617432443268382,0.02194424397936546,0.12046614813032903,0.32959131852564616,0.5218239649319755
CORK CITY SOUTH CENTRAL,0.0577960361264425,0.639582288008028,0.135066482689413,0.0893439538384345,0.0782112393376819,0.02789996229734824,0.1014201332160362,0.2559381676511248,0.10569310041472917,0.2634158602488375,0.24563277617192408,0.00355613028368221,0.01710714189498639,0.10226568603680056,0.3337913198092621,0.5432797219752687
CORK CITY SOUTH EAST,0.0955076246737189,0.557136969363924,0.157466684984201,0.100810550899849,0.0890781700783075,0.01851663444907925,0.05783904771594262,0.2586224437887883,0.09548275511242242,0.29158612269813816,0.27795299623562925,0.00285455684745526,0.01241616189746803,0.08245723966673629,0.2938569008331593,0.6084151407551811
CORK CITY SOUTH WEST,0.0872396493184007,0.569350833628946,0.135407692697512,0.107991689048802,0.10001013530634,0.02328419408376452,0.0808845064922386,0.2725275798106024,0.1033388655667285,0.28014253636629893,0.23982231768036708,0.00333569611808364,0.01400992369595129,0.08729099779010133,0.3091356377434016,0.5862277446524622
DONAGHMEDE,0.0901126071649332,0.583756618022521,0.126958531538069,0.0955145260555242,0.103657717218952,0.03617782319877363,0.14670413898824733,0.315074092999489,0.12846193152784874,0.20311701584057232,0.170464997445069,0.00481813246471227,0.01705573651827723,0.09887350705754616,0.3286283025696706,0.5506243213897937
DONEGAL,0.103787811585204,0.478621484964073,0.163798456488956,0.144371507140956,0.109420739820811,0.04231274638633377,0.2008760402978537,0.3203679369250986,0.14358300481822164,0.16671046868155937,0.12614980289093297,0.00323720930232558,0.01529302325581395,0.10816744186046512,0.3381209302325581,0.5351813953488372
DROGHEDA RURAL,0.149336137767845,0.577954515577757,0.129091626133824,0.0851189693703168,0.0584987511502563,0.04190022421524664,0.11448991031390136,0.3265134529147982,0.1516255605381166,0.21062219730941703,0.1548486547085202,0.00305102577590741,0.01320357706470278,0.08669121514992109,0.30247238295633877,0.5945817990531299
DROGHEDA URBAN,0.100065717415115,0.556495071193866,0.149397590361446,0.104841182913472,0.0892004381161008,0.06095908967759415,0.1914566964688883,0.3176194346608868,0.1464824347511966,0.16463469701074687,0.11884764743068724,0.00480452555310163,0.02386764307024681,0.1225154016040916,0.3428261459180906,0.5059862838544694
DUNDALK SOUTH,0.114193504085697,0.573988875918423,0.133763647600082,0.102932088168647,0.075121884227151,0.04444911101777964,0.12221755564888702,0.3146437071258575,0.12858742825143496,0.23141537169256615,0.15868682626347472,0.00386325736520289,0.01461923290717065,0.0962201222901612,0.31823235130628125,0.567065036131184
DUNDALK-CARLINGFORD,0.115290669272106,0.531509526135808,0.146995603321935,0.114655593551539,0.0915486077186126,0.06981519507186858,0.16252566735112936,0.3257700205338809,0.13562628336755647,0.18305954825462012,0.12320328542094457,0.00445110207575433,0.02084314145088808,0.10952279049860902,0.3221057136742992,0.5430772523004493
DUNDRUM,0.086256036735017,0.532222310189217,0.142546116697015,0.114836513340195,0.124139023038556,0.0198079231692677,0.07716419901293851,0.2030812324929972,0.07703081232492998,0.2981859410430839,0.3247298919567827,0.00293075684380032,0.01314009661835748,0.07935587761674719,0.29188405797101447,0.6126892109500806
DUNGARVAN,0.111424223637491,0.513047398974243,0.156174265907682,0.124048920701122,0.0953051907794623,0.04196564470537073,0.1332898456186127,0.30158730158730157,0.15220700152207,0.2101543813872581,0.1607958251793868,0.00351666901111267,0.01491067660711773,0.09602850846345008,0.3206264359731795,0.56491770994514
DÚN LAOGHAIRE,0.0894952973903828,0.520439793350113,0.15114584713207,0.117393032189694,0.12152602993774,0.02196233712417698,0.06146691836640729,0.20341636355264975,0.0755559648234265,0.2825636539435517,0.35503476218978774,0.00328222750903163,0.01312891003612653,0.08401621288219227,0.28989338267688786,0.6096792668957618
EDENDERRY,0.124528878476113,0.562952022002648,0.142609758582052,0.0993175104410716,0.0705918304981155,0.04956778640989167,0.16818032607506292,0.3839588576430682,0.15329904803589017,0.14749972644709486,0.09749425538899224,0.00385250412768299,0.01862749248550019,0.10215486219889082,0.3333897802802591,0.541975360907667
ENNIS,0.110209550749991,0.552201585588268,0.147504373394871,0.105222019577921,0.0848624706889493,0.03029172573304484,0.09736626128478698,0.3235096620159666,0.1294486309035291,0.23084384093113483,0.18853987913153772,0.00412266514445184,0.01683950147464561,0.10087844480385628,0.32752988932229726,0.550629499254749
ENNISCORTHY,0.106052789957871,0.531940503825982,0.154371937064741,0.118777405210214,0.0888573639411916,0.06627025163736643,0.1801103067907618,0.3453981385729059,0.1490865218890038,0.16072044122716306,0.09841433988279905,0.0044186386210926,0.01756500146070698,0.10955302366345313,0.3254089979550102,0.543054338299737
ENNISTIMON,0.0963830661734484,0.489176599534183,0.172763392245513,0.14063570352103,0.101041238525825,0.0351216814159292,0.12818030973451328,0.32577433628318586,0.12555309734513273,0.20754977876106195,0.17782079646017698,0.00364497904137051,0.01324342385031286,0.0973816900552822,0.348702994957779,0.5370269120952554
FERMOY,0.118237190970978,0.539982410996384,0.141005178984398,0.112927917657405,0.0878473013908342,0.04086811352253756,0.13843071786310518,0.3375626043405676,0.14898163606010018,0.1983973288814691,0.13575959933222037,0.00312608544633553,0.01309215272396932,0.08568680364442782,0.3224944558741016,0.5756005023111658
FIRHOUSE-BOHERNABREENA,0.117880242019612,0.586897558940121,0.143473120522985,0.10042422977954,0.0513248487377425,0.0211230648123852,0.07065074783521386,0.2871293623720808,0.10823930726843348,0.27899501443190766,0.233862503279979,0.00237247924080664,0.01097961323070981,0.06979502882838147,0.28298711688598305,0.633865761814119
GALWAY CITY CENTRAL,0.0544619126987702,0.641109959908104,0.117212487048966,0.106130906797603,0.0810847335465562,0.03572410002748007,0.09306586058440965,0.2296418429971604,0.10488229367042227,0.28093798662636255,0.2557479160941651,0.00310608474036317,0.01760114686205798,0.1051688435807582,0.351306148454922,0.5228177763618987
GALWAY CITY EAST,0.0952227094391876,0.651096238172167,0.113501038541426,0.0771290099238403,0.0630510039233787,0.03421592392317733,0.08148424389334327,0.28426253962334513,0.13975386910311394,0.2527503263099012,0.20753309714711915,0.00434228348338777,0.01681140944944626,0.10333837941199904,0.3556688710062943,0.5198390566488726
GALWAY CITY WEST,0.0994309962387887,0.595910888224515,0.134390973092873,0.093258752049378,0.077008390394445,0.01631459826480573,0.03875895888344021,0.2142587702753678,0.09326669181440966,0.28923047906450394,0.34817050169747266,0.00288430289242768,0.01409652258693532,0.08027299317517061,0.3040705232369191,0.5986756581085473
GLENCULLEN-SANDYFORD,0.0973420871498915,0.635993011065813,0.114470270556467,0.0821729231746704,0.0700217080531583,0.01383587786259542,0.04747137404580152,0.20610687022900764,0.08067748091603054,0.314837786259542,0.3370706106870229,0.00201911717323595,0.00977338631725915,0.06437546987434217,0.282654924283106,0.6411771023520567
GLENTIES,0.0971538832609744,0.444042450554752,0.179160636758321,0.148721659430777,0.130921369995176,0.06744784224064018,0.24521291797656472,0.295417738401448,0.11488996856244642,0.1559493188530056,0.121082213965895,0.00575460998865879,0.01995211492418196,0.1340782122905028,0.31935985214432727,0.5208552106523291
GOREY,0.12114219786559,0.550166879558284,0.143063167003173,0.107503399398409,0.0781243561745437,0.04996712689020381,0.1333826429980276,0.3433596318211703,0.15154503616042078,0.19017094017094016,0.13157462195923733,0.00368509212730318,0.01658291457286432,0.09671691792294808,0.31333333333333335,0.569681742043551
GORT-KINVARA,0.122987765614939,0.547179156966665,0.150725642676705,0.105205805141414,0.0739016296002774,0.03256613503963327,0.09674338649603668,0.2643491548085188,0.1075350969343902,0.252888931334161,0.2459172953872601,0.00259698100957636,0.00900827787696802,0.07701671806524915,0.3006411296867392,0.6107368933614673
GRAIGUECULLEN-PORTARLINGTON,0.132041441214714,0.568558365840359,0.14001090558282,0.0953819051214295,0.0640073822406778,0.04476040021063718,0.1206775495875022,0.33930138669475163,0.14920133403545727,0.2050201860628401,0.14103914340881166,0.00304752773592658,0.01438159156279961,0.08810436926448431,0.3149910971099849,0.5794754143268045
GRANARD,0.11505400044082,0.51091029314525,0.151752259202116,0.12938064800529,0.0929027992065241,0.06391147244805781,0.17637759710930442,0.34101174345076785,0.1524390243902439,0.1614724480578139,0.10478771454381212,0.00360710321864594,0.01544580096189419,0.0994265630780614,0.3147428782833888,0.5667776544580096
GREYSTONES,0.123106779732523,0.559633801628486,0.138379108129773,0.100535797156478,0.0783445133527402,0.01848428835489833,0.06244474805111307,0.23981354978702885,0.10616410833400304,0.2918910230651772,0.28120228240777945,0.00281680464429253,0.01216035175706777,0.0689086599567174,0.2742605887808732,0.6418535948610491
HOWTH-MALAHIDE,0.102774997725412,0.541861523064325,0.140151032663088,0.112728596124102,0.102483850423073,0.01684979230872303,0.06411630711510116,0.27552592791102776,0.09285809995980168,0.28222564652284604,0.26842422618250034,0.00226819089094538,0.01084195245871892,0.07341377850359886,0.2925512611141354,0.6209248170326015
Ireland,0.106352433292039,0.559179815969365,0.143004909670401,0.108770890515608,0.0826919505525876,0.04004319620377888,0.12376490781394102,0.3022344970558792,0.12508178113397916,0.2219535049620457,0.18692211283037607,0.00350726680777916,0.01510854660720923,0.0926417779758304,0.31797726721383335,0.5707651413953478
KANTURK,0.102138555645123,0.505097444165205,0.154677794110674,0.138223718526246,0.0998624875527526,0.05327510917030567,0.1636098981077147,0.3408054342552159,0.1530325084910238,0.1811741872877244,0.10810286268801551,0.00345457433290978,0.01397712833545108,0.09136753494282084,0.32850222363405335,0.5626985387547649
KELLS,0.115637951450562,0.523201598579041,0.160820011841326,0.115563943161634,0.0847764949674363,0.05233296005972378,0.1454273982829414,0.3534154535274356,0.14087346024636058,0.1824561403508772,0.12549458753266143,0.00320926186976995,0.0137668336282655,0.09108904951861072,0.3181668216310249,0.573768033352329
KENMARE,0.0982547444927991,0.474494145093993,0.167481717439096,0.151240522230697,0.108528870743416,0.04856230031948882,0.152259242355089,0.32350524874486536,0.1416704701049749,0.18804198995892288,0.14596074851665905,0.00282212858081725,0.01283488614837437,0.09664823906908417,0.33513743379595623,0.552557312405768
KILDARE,0.12173156406352,0.600826626060474,0.122819229932565,0.0922775723297803,0.0623450076136611,0.04997264271384279,0.13678643078606603,0.3567390114900602,0.14079883275579064,0.1820171438993252,0.13368593835491518,0.00383210371749874,0.01378841057230857,0.0910035097772366,0.31888833178139103,0.5724876441515651
KILKENNY,0.102125868238266,0.555588297200589,0.147716270258893,0.110755630393601,0.0838139339086508,0.03782743325801322,0.10369068541300527,0.29659385722654613,0.1289647669261026,0.24253075571177504,0.19039250146455772,0.00373281648182046,0.01636696457413589,0.09694555112881806,0.32468324898603784,0.5582714188291877
KILLALOE,0.125556951902205,0.510682051867931,0.16554324231692,0.116302981834799,0.0819147720781446,0.0315927515498331,0.1081306628516929,0.307105388650453,0.12649022412970912,0.23569384835479257,0.19098712446351931,0.00300797112347721,0.01193161878979295,0.08221787737504387,0.30947009575374745,0.5933724369579385
KILLARNEY,0.104575426182052,0.546759408169829,0.150209070440656,0.113179478932133,0.0852766162753297,0.03619946984758118,0.12127236580516898,0.32993704440026506,0.15001656726308812,0.21222664015904572,0.15034791252485089,0.00283489309379055,0.01195436846779151,0.08484186078284035,0.33178495798893365,0.5685839196666439
KILLINEY-SHANKILL,0.0988906195365396,0.530563590705363,0.151149114720748,0.11554722019136,0.10384945484599,0.02625845659901387,0.09735122119023049,0.2653365439743149,0.09803921568627452,0.25891526201123727,0.25409930053892904,0.00356966049141457,0.01336668490580786,0.0844993355741421,0.3046718257380338,0.5938924932906017
KILMUCKRIDGE,0.117735952740761,0.513806841599121,0.169116636900673,0.119521912350598,0.0798186564088474,0.05521219612690564,0.15121549237742068,0.3476170855651696,0.1431122098612828,0.18980909215767064,0.1130339239115506,0.00329451860266969,0.01499573984663447,0.09804032945186028,0.3137176938369781,0.5699517182618574
KILRUSH,0.109404458245536,0.456970167461462,0.174337362759233,0.15049351225463,0.108794499279139,0.04862556127477822,0.17095608367101084,0.3528638703318366,0.14554813273464023,0.16778008980396453,0.11422626218376958,0.00347989654361627,0.01664707265459675,0.10895838231836352,0.34987067952033857,0.5210439689630849
KIMMAGE-RATHMINES,0.0677573417335637,0.626013616502388,0.128442231480541,0.0988314195711818,0.078955390712326,0.02985074626865671,0.10401007013127136,0.1821974465024276,0.07282862794461428,0.2898759215968351,0.3212371875561949,0.00390838029449191,0.01641519723686602,0.09452826758771132,0.30521723323032174,0.579930921650609
KINNEGAD,0.125408763897973,0.539132330499237,0.155384783082625,0.102844996729889,0.0772291257902769,0.05383360522022838,0.13982754602656725,0.3513167093917502,0.14938242833838267,0.1829410393847588,0.12269867163831276,0.00302101181350888,0.01487961042474524,0.09459825051853188,0.32378934078816846,0.5637117864550455
LAYTOWN-BETTYSTOWN,0.132922761098281,0.596292019502181,0.125320759558635,0.0842635360533744,0.0612009237875289,0.03496409636937118,0.11475739883229312,0.327159251056976,0.13495738541037514,0.2173008522917925,0.170861016039192,0.00300693909020817,0.01308147005911076,0.0791313287072732,0.31495759444872784,0.5898226676946801
LEIXLIP,0.0981826408264837,0.554106025186638,0.132342960561044,0.143578915617223,0.0717894578086117,0.02161071891658262,0.08356144647745281,0.28857513326609996,0.11612159631177064,0.27243912980838497,0.21769197521970896,0.0027875859505668,0.01313262714489252,0.08232670507340643,0.30725391810691943,0.5944991637242149
LETTERKENNY,0.119052407191409,0.584281864618107,0.135462333588063,0.0925873788360214,0.0686160157663999,0.04743939637180928,0.1375822764488682,0.29346604591427194,0.111334082517258,0.22499598651468936,0.1851822122331032,0.00460602072709327,0.01671327520973844,0.09873334430004936,0.3169929264681691,0.5629544332949499
LIFFORD-STRANORLAR,0.116990982439487,0.523398196487898,0.148410061699098,0.121831988609397,0.0893687707641196,0.08897414816844798,0.22380560884260528,0.31588563076642,0.12496574403946288,0.15447154471544716,0.0918973234676167,0.00535610324083058,0.01944498350475451,0.11915389093731808,0.3332039588589171,0.5228410634581797
LIMERICK CITY EAST,0.103743917375617,0.58730841802112,0.131881227448774,0.10271773312589,0.0743487040286007,0.0399030135088327,0.11887772774506408,0.2895739521995151,0.10654658815379286,0.24703844821614132,0.198060270176654,0.00392950014446691,0.01750939034960993,0.09537705865356834,0.3225368390638544,0.5606472117885004
LIMERICK CITY NORTH,0.0908554572271386,0.55002602811035906,0.145340968245705,0.116571230262016,0.0972063161547805,0.0402045745134252,0.16266515129990056,0.3435147037931524,0.12437846284983664,0.18653217786617415,0.142704929677511,0.00557431356310123,0.02459068611836656,0.12429126584697713,0.3542715168503536,0.4912722176212015
LIMERICK CITY WEST,0.0909509101662614,0.62505750147861,0.12650325294079,0.0912466320562529,0.0662417033580864,0.03001116694584031,0.09338358458961474,0.27170575097710775,0.11990508096035736,0.27365996649916247,0.21133445002791737,0.00404785999166617,0.01863206143222811,0.09631525686052742,0.32757902256086674,0.5534257991547116
LISMORE,0.108778418361797,0.48852387686283,0.172848906776895,0.125856630044599,0.103992167953878,0.04407530454042082,0.16766334440753045,0.33311184939091915,0.1585825027685493,0.17829457364341086,0.11827242524916944,0.00371208691715708,0.01204164780443639,0.08936170212765958,0.3328202806699864,0.5620642824807606
LISTOWEL,0.101798410706817,0.473316603931409,0.163989962358846,0.148138854035968,0.112756168966959,0.05171679304762716,0.17593933713896226,0.3542642924086223,0.13853625287552185,0.16656726591122092,0.1129760586180455,0.00334719188217884,0.01603128743569868,0.10369248115002466,0.3451130998520189,0.5318159396800789
LONGFORD,0.119914661958361,0.54071948797175,0.138747884940778,0.111675126903553,0.0889428382255573,0.0690862782553327,0.1591849729385546,0.3373129576567972,0.17239732569245464,0.15807067812798473,0.10394778732887616,0.00576014497443531,0.02342890427804025,0.12277522490453692,0.34437900459517184,0.5036567212478157
LOUGHREA,0.112964253709051,0.525191675794085,0.150303694115304,0.116150552623718,0.0953898237578413,0.03586247777119146,0.14552459988144636,0.3339261015609563,0.1287295000987947,0.20460383323453865,0.1513534874530725,0.00270765641922852,0.0126635007914688,0.0968091310505707,0.32066983254186454,0.5671498791968674
LUCAN,0.137043189368771,0.653559563360228,0.112743236829616,0.0609634551495017,0.0356905552918842,0.02577782209812525,0.06082967690466693,0.2801655364978061,0.11966493817311528,0.27662544874351813,0.23693657758276823,0.00219268976299883,0.01105878315251587,0.0661810971075562,0.3108280740557134,0.6097393559212158
MACROOM,0.115300335137922,0.534061613817994,0.154840164990977,0.115558133539572,0.0802397525135344,0.0294501763092595,0.09977798093248008,0.2977667493796526,0.13948021418310044,0.24768185973618911,0.18584301945931828,0.00191863932173507,0.0088153698566206,0.06725608649433483,0.2915294666701237,0.6304804376571859
MALLOW,0.122994652406417,0.544117647058823,0.139361529735861,0.107235456165937,0.0862907146329606,0.03585520672499571,0.12051809915937552,0.33247555326814204,0.15654486189740952,0.20629610567850404,0.14831017327157317,0.00243155019652255,0.01302378255945639,0.09080007994137632,0.31573512757311306,0.5780094597295317
MANORHAMILTON,0.112834679133022,0.490862728431789,0.162770930726732,0.132065448363791,0.101466213344666,0.06526907283336936,0.1402636697644262,0.29954614220877457,0.14112816079533175,0.1966717095310136,0.1571212448670845,0.00230741924032658,0.01668441604543841,0.10880369187078452,0.32978345757898475,0.5424210152644657
MAYNOOTH,0.11971697036558,0.631985392018869,0.118005097576749,0.0775288165252787,0.0527637235135238,0.0193878329898481,0.06488054346996412,0.23486756736127012,0.09571788413098237,0.2928784062285322,0.2922677658194031,0.00178923426838514,0.00970432145564821,0.06777862016679302,0.28600454890068233,0.6347232752084913
MIDLETON,0.125006431695395,0.55955749935683,0.136197581682532,0.101903781836892,0.0773347054283509,0.03240145672664953,0.1043273350471294,0.318926735218509,0.1533847472150814,0.22006212510711223,0.17089760068551843,0.00313820929934674,0.01167755433158276,0.08364288459075189,0.312881601981128,0.5886597497971906
MILFORD,0.110652211323352,0.49406298399587,0.155480984340045,0.132163138874548,0.107640681466185,0.05618351063829787,0.19215425531914893,0.29521276595744683,0.12084441489361702,0.18866356382978725,0.14694148936170212,0.0035610465116279,0.01308139534883721,0.096875,0.32848837209302323,0.5579941860465116
MOATE,0.11553488372093,0.519441860465116,0.156899224806202,0.120124031007752,0.088,0.0483558994197292,0.14210186976144423,0.33604126370083814,0.1276595744680851,0.20180528691166988,0.1440361057382334,0.00320310859063222,0.01254988447805082,0.0893719806763285,0.31695022054190297,0.5779248057130855
MONAGHAN,0.11381360091618,0.520477722637291,0.159240879096908,0.119757866608496,0.0867099307411245,0.07100056529112493,0.15737704918032788,0.3157716223855285,0.1519502543810062,0.18643301300169587,0.11746749576031656,0.00277305662402719,0.0122551212094105,0.09128723499418552,0.3213167546292155,0.5723678325431613
MUINEBEAG,0.107145563385618,0.519057361521558,0.158445101159354,0.124801091157081,0.0905508827763886,0.03332823727258829,0.17902461397339856,0.31524231768842687,0.14905977679253937,0.19247821434031492,0.130866839932732,0.00280269058295964,0.01370204285002491,0.09653712007972096,0.31141006477329347,0.575548081714001
MULLINGAR,0.109548245212132,0.572161642078255,0.137175845322093,0.103729496930267,0.0773847704572528,0.0473511486169714,0.11261134552273792,0.32498827941865915,0.14139709329582748,0.21228316924519455,0.16136896390060948,0.00262022194821208,0.01491214549938347,0.09563810110974108,0.32652589395807646,0.5603036374845869
NAAS,0.10943438722937,0.606069990709198,0.136631098848504,0.0884596976266224,0.0594048255863059,0.02225608097077869,0.06491810415192904,0.26984817978995485,0.1116068999292594,0.2863361810959351,0.2450345540621429,0.00245722401316531,0.01088843301246646,0.0706057395342546,0.29960098288960524,0.6164476205505084
NAVAN,0.130943672275055,0.607102480547982,0.121766309769236,0.0817317284032719,0.0584558090044557,0.04523709019276769,0.1120022513015337,0.3523286900239201,0.15484733361474604,0.19093851132686085,0.14464612354017167,0.00393311036789297,0.01375250836120401,0.08623411371237458,0.3231571906354515,0.5729230769230769
NENAGH,0.107432651736449,0.520610191496267,0.153900248836958,0.119712214648924,0.0983446932814021,0.04138005159071367,0.13467325881341358,0.3416809974204643,0.14746345657781598,0.19239036973344795,0.14241186586414445,0.00391292614914095,0.01556175227129621,0.10079158046235497,0.33196905640010793,0.5477646847170999
NEW ROSS,0.111936539914379,0.513892386468564,0.156257869554268,0.124276001007303,0.0936372030554856,0.05347547974413646,0.17091684434968016,0.342089552238806,0.15087420042643923,0.17705756929637526,0.1055863539445629,0.00309358081979891,0.01631160795893974,0.10085776559094424,0.32046684946916965,0.5592701961611475
NEWBRIDGE,0.128117875250961,0.584033756422908,0.136046551196107,0.0878619797869806,0.0639398373430428,0.03595771317290305,0.10349144526359716,0.3331478647934344,0.13478926137153985,0.21212964250938937,0.18048407288913615,0.00290202862962859,0.01478918436253034,0.08449367971649413,0.30778245946926364,0.5900326478220833
NEWCASTLE WEST,0.100232899163288,0.506340032778401,0.156387475200552,0.134563961010955,0.102475631846804,0.04979362430842189,0.18582594186352855,0.34109071748485115,0.14138930359181523,0.17432159480108897,0.1075788179502942,0.00278790478232897,0.01322467653156051,0.09804131817856888,0.3448066337836872,0.5411394667238545
NEWPORT,0.127577693871624,0.525704327621261,0.154371187917514,0.11167586407203,0.0806709265175719,0.03473053892215569,0.106437125748503,0.3127245508982036,0.12125748502994012,0.231437125748503,0.1934131736526946,0.00382637809398541,0.01482721511419347,0.08447925385627167,0.293973454501973,0.6028936984335764
NORTH INNER CITY,0.0590592452319762,0.766654267550385,0.0908967942648451,0.0543419450831868,0.0290477478696064,0.04614734902292011,0.1073828080009214,0.20988981456597688,0.09133489461358314,0.2586478289246362,0.2865973048719622,0.00467655354380857,0.02116276953871349,0.0982622145391684,0.34888545173323626,0.5270130106450732
ONGAR,0.140250611246944,0.670507334963325,0.109596577017115,0.0611246943765281,0.018520782396088,0.02946214457005824,0.07523124357656731,0.3343610825625214,0.14422747516272696,0.2266529633436108,0.19006509078451525,0.00233459169481422,0.01090303993641963,0.07301808066759388,0.32493045897079276,0.5888138287303795
PALMERSTOWN-FONTHILL,0.113094899641781,0.532609313697618,0.156365497242281,0.126855063399102,0.0710752260192187,0.08385696332685937,0.2286073346281275,0.3494801782246087,0.1349251685136525,0.11493202330629498,0.08819833200045699,0.00595001983339944,0.02444466481554938,0.11458746529155098,0.3415807219357398,0.5134371281237604
PEMBROKE,0.0613039074577536,0.632603017218402,0.117357001972387,0.0947278639586332,0.0940082093928248,0.0097354886113152,0.02562454077883908,0.1143919911829537,0.04110029390154298,0.3604426891991183,0.44870499632623073,0.0028175976272862,0.01077607513593672,0.06520019772614928,0.2707118141374197,0.6504943153732081
PILTOWN,0.117240610721052,0.540566142873064,0.14270589546417,0.108436420372228,0.0910509305694862,0.04212114179624043,0.11638431190531444,0.34126247389185427,0.14933859364121607,0.2136226502668833,0.13727082849849154,0.00336455396926434,0.01123033554605801,0.08693279985450578,0.3101300354642175,0.5883422751659544
PORTLAOISE,0.123979324293955,0.593902164956177,0.131657802082553,0.0906434938946738,0.0598172147726421,0.04123381812370146,0.10843854882531564,0.3555218155665654,0.15366789196100367,0.2012146396036439,0.13992328591976985,0.00358322427868137,0.01679441640181965,0.09384931762946346,0.3307160216862965,0.555057020003739
PORTLAW-KILMACTHOMAS,0.118479524167635,0.505776987762357,0.161482190469679,0.124290695289533,0.0899706023107951,0.03892876863611264,0.15198785201546108,0.3210933186085036,0.13252346769740475,0.21176145775814467,0.1437051352843733,0.00256911477240994,0.01206366936609885,0.08455738620497068,0.30745601787210275,0.5933538117844177
RATHFARNHAM-TEMPLEOGUE,0.0855762272695441,0.476668456313173,0.161908541282476,0.147995984966969,0.127850790167838,0.02023501294562836,0.09559848635729934,0.2532164907388966,0.09018123879705238,0.27687711611232824,0.2638916550487951,0.00261460693742374,0.01255011329963395,0.08159510390641644,0.2972904925144772,0.6059496833420487
RATOATH,0.121933357744416,0.583702273559469,0.143870044272827,0.0927399221064545,0.0577544023168337,0.02456371419163648,0.07112281857095819,0.2966743496871913,0.11755021402700032,0.26460322686862037,0.22548567665459335,0.00172959740294297,0.0091003432585615,0.06330326494771293,0.28434581304382534,0.6415209813469572
ROSCOMMON,0.10472819216182,0.497446270543616,0.155802781289507,0.130821744627054,0.111201011378003,0.05688073394495413,0.14638124362895005,0.3576962283384302,0.14067278287461774,0.1744138634046891,0.1239551478083588,0.00400810240055165,0.01801491186484506,0.1073137094341249,0.33185363961556696,0.5388096366849114
ROSCREA-TEMPLEMORE,0.109830408927392,0.512737684457823,0.155715439395052,0.123926290287057,0.0977901769326775,0.05024455313472655,0.15666222024603527,0.375277901289462,0.154290795909293,0.16318363717207648,0.1003408922484067,0.00398430425596136,0.01611832176275279,0.10250528222155146,0.3279806821611832,0.5494114095985512
ROSSLARE,0.110511705860787,0.49363641125019603,0.166553187031897,0.131042790551511,0.0982559053056094,0.057762485663643,0.15994161192784903,0.3578354707538317,0.1342925659472422,0.17141069752893337,0.11875716817850068,0.00332210998877665,0.01652076318742985,0.09890011223344557,0.32664421997755333,0.5546127946127946
RUSH-LUSK,0.13816880793625,0.599837371930395,0.134428362335339,0.0759147828915271,0.0516506749064889,0.03231562252180809,0.08782712133227596,0.3170103092783505,0.13369019296854348,0.23724557229711868,0.1919111816019033,0.00238428445550199,0.0118436738713523,0.07533820556678589,0.299564608925517,0.6108692271808428
SHANNON,0.111336196418443,0.55096831699214,0.140142614050725,0.115387731950409,0.082165140588283,0.03061224489795918,0.10388089662094346,0.3696888591502175,0.13984610237537637,0.2066744730679157,0.14929742388758782,0.00330305532617671,0.01641618497109826,0.09321222130470684,0.32908340214698595,0.5579851362510322
SKIBBEREEN-WEST CORK,0.104265223479544,0.497483253226356,0.164402225333989,0.130189607538887,0.103659690421224,0.03979081400636653,0.11800818553888132,0.302637562528422,0.15522207063816887,0.22108534182204032,0.16325602546612095,0.00347066006812777,0.0126293463590205,0.08962658268526255,0.31325920688990294,0.5810142039976862
SLIGO-DRUMCLIFF,0.109734984685045,0.494673058995872,0.163004394726328,0.138899986682647,0.0936875749101079,0.02439671174754707,0.09042694245558208,0.2968708565367277,0.12145319543887564,0.2503314770617873,0.21652081675948023,0.00282532823666278,0.01124591435377541,0.08066035122707883,0.29605008032795965,0.6092183258545233
SLIGO-STRANDHILL,0.0867087206728641,0.54653607791058,0.14630367419212,0.120849933598938,0.099601593625498,0.03458629893238434,0.13233985765124556,0.2990435943060498,0.13456405693950177,0.22464412811387904,0.1748220640569395,0.00456160568520119,0.02165562277921828,0.11898588303082686,0.3345337558820705,0.5202631326226832
SOUTH EAST INNER CITY,0.0584189497716895,0.726398401826484,0.105565068493151,0.0694349315068493,0.0401826484018265,0.0311792666364871,0.09557492077863286,0.1609891353553644,0.06428248076052512,0.2832163875056587,0.3647578089633318,0.00378975599801766,0.01600443109932076,0.08716438795440631,0.3138501005742938,0.5791913243739615
SOUTH WEST INNER CITY,0.0512892141799592,0.737380227393357,0.0987512920077101,0.0648657708746543,0.0477134955443194,0.03616666666666666,0.10005555555555556,0.18883333333333333,0.0816111111111111,0.28305555555555556,0.31027777777777776,0.00407930162356204,0.0211307824100514,0.1005139920045688,0.32917244567730003,0.5451034782845177
STILLORGAN,0.0934765314240255,0.526610978520286,0.147096260938743,0.118536197295147,0.114280031821798,0.00766256590509666,0.0210896309314587,0.1978207381370826,0.05588752196836556,0.33110720562390156,0.3864323374340949,0.00209623928414992,0.00779050122019898,0.06054064201238971,0.2679118953757587,0.6616607221075027
SWINFORD,0.097839983850346507,0.446807078931431,0.177982639122536,0.157526411412422,0.119843886683265,0.07112553032193661,0.16670826054404791,0.3480159720489144,0.13064636885450462,0.17144996256551034,0.11205390566508608,0.00416761817766613,0.01804064854989723,0.1175496688741722,0.34448504224708837,0.515757022151176
SWORDS,0.104706378937371,0.638078404474226,0.130164090117659,0.0772700891679417,0.0497810373028017,0.02410816093826356,0.07818863007004398,0.34386707932888094,0.14334582179508062,0.23261117445838084,0.17787913340935005,0.00269370939629218,0.0136496366887747,0.07949838151074089,0.324422210652602,0.5797360617515902
TALLAGHT CENTRAL,0.0837892112734575,0.563672875839623,0.113600166193477,0.146215636036286,0.0927221106571567,0.04273929739724079,0.2124875551130707,0.33074953776134264,0.15780116626368937,0.15872564357843835,0.09749679988621818,0.00493199362823183,0.02291385859576032,0.1144773924764122,0.35314299718171793,0.5045337581178777
TALLAGHT SOUTH,0.150080356039065,0.657343305723822,0.0970453702559031,0.0716095932748177,0.0239213747063914,0.05871407897457102,0.14685411067466062,0.3905313210667769,0.15863827441251466,0.14520019295706704,0.10006202191440976,0.00461445357809269,0.01792828685258964,0.10247617126430984,0.32228049826012406,0.5527005900448838
THURLES,0.109899749373434,0.490789473684211,0.159022556390977,0.13577694235589,0.104511278195489,0.03932442651877993,0.13876985127300226,0.38290899924376104,0.12377111167128813,0.19120241996470885,0.1240231913284598,0.00383927632270958,0.01467339854843799,0.10571158094035972,0.326285894603976,0.5494898495845166
TRALEE,0.101499182580264,0.524435632543741,0.159031618491078,0.11969111969112,0.095342446693798,0.04337170441886372,0.12157445228369848,0.33821017452655033,0.14207203861864093,0.2071295952469365,0.14764203490531003,0.00421875484691503,0.01913949809225424,0.11030803114433724,0.34156404131898127,0.5247696745975122
TRAMORE-WATERFORD CITY WEST,0.107446327115491,0.549901955854995,0.152144401427925,0.109055256674544,0.0814520589270451,0.0329397141081417,0.1164284234514191,0.335715765485809,0.14626061736067952,0.2127615496167392,0.15589392997721152,0.00420656940839523,0.01619976729616038,0.10243444016826278,0.32426385035353084,0.5528953727736508
TRIM,0.127118315430256,0.56047620894249,0.143793384263389,0.0982277891961066,0.0703843021677589,0.04228777655735132,0.12827553742350542,0.334771693080182,0.13776871175270672,0.2009257806370626,0.1559705005491919,0.00289773789493363,0.01255686421137907,0.08119897800211878,0.30597619492740075,0.5973702249641678
TUAM,0.119932794737971,0.535532994923858,0.142703939372274,0.114427682848359,0.0874025881175377,0.03622717759976907,0.13552717038319984,0.3482716316663058,0.13545500469077,0.19694017464097568,0.14757884101897958,0.00332423127151846,0.01466223435830464,0.09233645969369585,0.32909889588032765,0.5605781787961533
TULLAMORE,0.11469327176781,0.54254617414248,0.149488786279683,0.110075857519789,0.0831959102902375,0.05623555593597534,0.1354960198579132,0.34357613626636996,0.12822049131216298,0.18573996405032953,0.15073183257724898,0.00365076631651455,0.0180816256242466,0.0954365421043568,0.3220940244532461,0.560737041501636
TULLOW,0.119668320874427,0.537470946667504,0.153527231610026,0.114328789496828,0.0750047113512155,0.04064714534028613,0.15710656504880333,0.32504345500735393,0.16900655167803183,0.1834469848910282,0.1247492980344966,0.0035065349059611,0.01758580384656253,0.10461162469450642,0.31319732228243546,0.5610987142705345
WATERFORD CITY EAST,0.11098705912205,0.516011164679016,0.158284699314895,0.114742451154529,0.0999746257295103,0.01930662237907411,0.08636080548058958,0.2910525223167947,0.11106497820220054,0.2697737180817936,0.22244135353954744,0.00307044477585753,0.01311518554259145,0.08834108255110097,0.3028335818931485,0.5926397052373015
WATERFORD CITY SOUTH,0.101529902642559,0.57177627657460794,0.134313530697397,0.106050069541029,0.0863302205444069,0.04219318911972585,0.20400514028699937,0.35971300064253586,0.15303062754337118,0.15742128935532235,0.0836367530520454,0.00477953840854288,0.02243368928694454,0.12017740268687564,0.3483895969686531,0.5042197726489838
WESTPORT,0.0995449728853706,0.49841052172287,0.166053730599015,0.1408090756093,0.0951816991834445,0.04224675948151704,0.12469995199231876,0.3198511761881901,0.12061929908785406,0.21231397023523765,0.1802688430148824,0.00247004414546983,0.01371662812697078,0.09223249947445868,0.32399621610258567,0.567584612150515
WEXFORD,0.0985594850257095,0.523688032342898,0.158103387368999,0.120029830827805,0.0996192644345881,0.04880478087649402,0.1394422310756972,0.339028501379099,0.13507508427827153,0.19705792215752377,0.14059148023291448,0.00502028060376354,0.02131125739743334,0.10951526032315978,0.32266108118890885,0.5414921204867345
WICKLOW,0.117573188917667,0.557727022996625,0.145514480809984,0.104112707008869,0.075072600266855,0.04333150168773059,0.09898736164534108,0.3094434414004239,0.13729492110840724,0.22678389198524215,0.184158882172855,0.00317510715986664,0.01263692649626925,0.08261628829973011,0.30642959199872993,0.5951420860454041
