CSO_LEA,Census Year,Sex,very_bad,bad,fair,good,very_good,population
ADARE-RATHKEALE,2022,Females,59,218,1305,4452,7672,13706
ADARE-RATHKEALE,2022,Males,44,203,1235,4423,7786,13691
ARDEE,2022,Females,42,187,1259,3998,7475,12961
ARDEE,2022,Males,41,159,1200,3948,7514,12862
ARKLOW,2022,Females,56,210,1276,4268,7588,13398
ARKLOW,2022,Males,46,228,1284,4200,7357,13115
ARTANE-WHITEHALL,2022,Females,135,578,3157,8362,12640,24872
ARTANE-WHITEHALL,2022,Males,111,471,2470,7288,12135,22475
ASHBOURNE,2022,Females,46,185,1220,4944,9659,16054
ASHBOURNE,2022,Males,32,167,1142,4994,9664,15999
ATHENRY-ORANMORE,2022,Females,45,181,1289,5130,10171,16816
ATHENRY-ORANMORE,2022,Males,34,159,1288,5179,10251,16911
ATHLONE,2022,Females,37,145,860,3150,6062,10254
ATHLONE,2022,Males,29,105,806,3063,6044,10047
ATHLONE_WESTMEATH,2022,Females,46,182,1140,3737,5969,11074
ATHLONE_WESTMEATH,2022,Males,34,186,1057,3674,6108,11059
ATHY,2022,Females,63,257,1349,4334,7576,13579
ATHY,2022,Males,53,222,1351,4242,7779,13647
BAILIEBOROUGH-COOTEHILL,2022,Females,22,183,1030,3729,7141,12105
BAILIEBOROUGH-COOTEHILL,2022,Males,46,170,1043,3647,7394,12300
BALBRIGGAN,2022,Females,90,347,1806,6427,11084,19754
BALBRIGGAN,2022,Males,60,274,1590,5838,10948,18710
BALLINA,2022,Females,51,224,1370,4243,6792,12680
BALLINA,2022,Males,41,211,1393,4108,6712,12465
BALLINAMORE,2022,Females,13,98,541,1684,2890,5226
BALLINAMORE,2022,Males,8,79,557,1705,2895,5244
BALLINASLOE,2022,Females,58,220,1438,4679,7846,14241
BALLINASLOE,2022,Males,70,211,1456,4670,7880,14287
BALLYBAY-CLONES,2022,Females,22,105,806,2712,5171,8816
BALLYBAY-CLONES,2022,Males,29,110,852,2838,5379,9208
BALLYFERMOT-DRIMNAGH,2022,Females,131,559,2807,7458,10344,21299
BALLYFERMOT-DRIMNAGH,2022,Males,117,494,2459,7054,10396,20520
BALLYJAMESDUFF,2022,Females,44,188,1236,4232,7663,13363
BALLYJAMESDUFF,2022,Males,34,173,1231,4264,7881,13583
BALLYMAHON,2022,Females,34,136,757,2449,3981,7357
BALLYMAHON,2022,Males,27,108,799,2477,4071,7482
BALLYMOTE-TOBERCURRY,2022,Females,41,185,1408,4444,7564,13642
BALLYMOTE-TOBERCURRY,2022,Males,44,202,1428,4406,7584,13664
BALLYMUN-FINGLAS,2022,Females,176,672,3248,8710,12137,24943
BALLYMUN-FINGLAS,2022,Males,145,574,2604,7622,11918,22863
BALTINGLASS,2022,Females,54,190,1176,4209,7731,13360
BALTINGLASS,2022,Males,47,186,1138,4204,7815,13390
BANDON-KINSALE,2022,Females,46,234,1475,5872,12007,19634
BANDON-KINSALE,2022,Males,40,197,1354,5885,11828,19304
BANTRY-WEST CORK,2022,Females,44,162,1163,3872,6205,11446
BANTRY-WEST CORK,2022,Males,50,165,1218,3874,6126,11433
BELMULLET,2022,Females,42,145,924,2075,2953,6139
BELMULLET,2022,Males,27,126,893,2171,2918,6135
BIRR,2022,Females,56,230,1300,4380,6842,12808
BIRR,2022,Males,52,222,1302,4375,7075,13026
BLACKROCK,2022,Females,39,192,1246,4691,11020,17188
BLACKROCK,2022,Males,29,132,1010,4177,10222,15570
BLANCHARDSTOWN-MULHUDDART,2022,Females,70,296,1514,5915,9971,17766
BLANCHARDSTOWN-MULHUDDART,2022,Males,50,192,1282,5621,10039,17184
BORRIS-IN-OSSORY-MOUNTMELLICK,2022,Females,45,230,1299,4110,7065,12749
BORRIS-IN-OSSORY-MOUNTMELLICK,2022,Males,41,187,1219,4032,7211,12690
BOYLE,2022,Females,60,209,1309,3935,6134,11647
BOYLE,2022,Males,43,219,1355,3966,6134,11717
BRAY EAST,2022,Females,43,145,961,2956,4452,8557
BRAY EAST,2022,Males,35,141,834,2730,4328,8068
BRAY WEST,2022,Females,32,118,854,2897,5547,9448
BRAY WEST,2022,Males,32,116,697,2525,5231,8601
BUNCRANA,2022,Females,41,166,1147,3369,6167,10890
BUNCRANA,2022,Males,43,167,1159,3393,5941,10703
CABRA-GLASNEVIN,2022,Females,131,505,2796,9098,15425,27955
CABRA-GLASNEVIN,2022,Males,97,484,2485,8598,15374,27038
CAHIR,2022,Females,23,95,673,2461,3898,7150
CAHIR,2022,Males,27,102,696,2511,4006,7342
CALLAN-THOMASTOWN,2022,Females,48,160,1078,3917,7611,12814
CALLAN-THOMASTOWN,2022,Males,40,160,1104,3983,7616,12903
CAPPAMORE-KILMALLOCK,2022,Females,65,246,1710,5602,9602,17225
CAPPAMORE-KILMALLOCK,2022,Males,63,262,1729,5815,9800,17669
CARLOW,2022,Females,59,259,1362,4044,5963,11687
CARLOW,2022,Males,55,227,1226,3880,6037,11425
CARNDONAGH,2022,Females,29,139,930,2878,4685,8661
CARNDONAGH,2022,Males,36,150,912,2768,4615,8481
CARRICK-ON-SHANNON,2022,Females,14,109,652,1958,3298,6031
CARRICK-ON-SHANNON,2022,Males,16,109,661,1886,3221,5893
CARRICK-ON-SUIR,2022,Females,62,194,1040,3127,5270,9693
CARRICK-ON-SUIR,2022,Males,54,197,1057,2989,5306,9603
CARRICKMACROSS-CASTLEBLAYNEY,2022,Females,32,171,1041,3489,6296,11029
CARRICKMACROSS-CASTLEBLAYNEY,2022,Males,41,151,1038,3489,6519,11238
CARRIGALINE,2022,Females,48,206,1304,5690,12155,19403
CARRIGALINE,2022,Males,40,170,1191,5345,11952,18698
CASHEL-TIPPERARY,2022,Females,56,235,1463,4577,7606,13937
CASHEL-TIPPERARY,2022,Males,41,243,1410,4572,7515,13781
CASTLEBAR,2022,Females,44,268,1480,5094,8493,15379
CASTLEBAR,2022,Males,38,219,1390,4840,8393,14880
CASTLECOMER,2022,Females,37,151,1083,3706,6831,11808
CASTLECOMER,2022,Males,47,170,1006,3775,7097,12095
CASTLEISLAND,2022,Females,30,114,798,2891,4912,8745
CASTLEISLAND,2022,Males,26,87,767,2833,5010,8723
CASTLEKNOCK,2022,Females,62,306,1798,6720,13571,22457
CASTLEKNOCK,2022,Males,45,226,1455,6465,13389,21580
CAVAN-BELTURBET,2022,Females,62,208,1360,4277,7116,13023
CAVAN-BELTURBET,2022,Males,47,198,1363,4140,7108,12856
CELBRIDGE,2022,Females,25,130,862,3490,6506,11013
CELBRIDGE,2022,Males,23,92,847,3367,6587,10916
CLANE,2022,Females,44,223,1302,4737,8623,14929
CLANE,2022,Males,41,167,1182,4658,8666,14714
CLAREMORRIS,2022,Females,50,209,1416,4789,7383,13847
CLAREMORRIS,2022,Males,46,178,1347,4780,7408,13759
CLONDALKIN,2022,Females,99,454,2526,8061,13041,24181
CLONDALKIN,2022,Males,99,337,2099,7815,12951,23301
CLONMEL,2022,Females,53,201,1287,4072,6192,11805
CLONMEL,2022,Males,46,210,1167,3807,6083,11313
CLONTARF,2022,Females,103,404,2468,8175,17100,28250
CLONTARF,2022,Males,81,345,2149,7614,16049,26238
COBH,2022,Females,54,207,1452,5443,10895,18051
COBH,2022,Males,54,214,1332,5241,11089,17930
CONAMARA NORTH,2022,Females,38,130,976,2896,4611,8651
CONAMARA NORTH,2022,Males,35,125,979,2974,4486,8599
CONAMARA SOUTH,2022,Females,33,160,1028,3269,6617,11107
CONAMARA SOUTH,2022,Males,38,136,1032,3206,6505,10917
CORCA DHUIBHNE,2022,Females,19,94,651,2375,4102,7241
CORCA DHUIBHNE,2022,Males,14,71,684,2383,3963,7115
CORK CITY NORTH EAST,2022,Females,80,362,2066,6645,11427,20580
CORK CITY NORTH EAST,2022,Males,76,343,1796,6426,11432,20073
CORK CITY NORTH WEST,2022,Females,145,428,2396,6352,9718,19039
CORK CITY NORTH WEST,2022,Males,86,393,2111,5979,9805,18374
CORK CITY SOUTH CENTRAL,2022,Females,66,313,1982,6367,10359,19087
CORK CITY SOUTH CENTRAL,2022,Males,66,322,1814,6023,9807,18032
CORK CITY SOUTH EAST,2022,Females,69,299,1964,6534,13335,22201
CORK CITY SOUTH EAST,2022,Males,54,236,1589,6128,12881,20888
CORK CITY SOUTH WEST,2022,Females,86,391,2247,7821,14403,24948
CORK CITY SOUTH WEST,2022,Males,74,281,1940,7007,13716,23018
DONAGHMEDE,2022,Females,117,412,2366,7637,12261,22793
DONAGHMEDE,2022,Males,96,342,2005,6891,12081,21415
DONEGAL,2022,Females,57,203,1558,4560,7213,13591
DONEGAL,2022,Males,30,208,1349,4527,7170,13284
DROGHEDA RURAL,2022,Females,29,129,871,2957,5691,9677
DROGHEDA RURAL,2022,Males,29,122,777,2793,5612,9333
DROGHEDA URBAN,2022,Females,74,313,1676,4614,6533,13210
DROGHEDA URBAN,2022,Males,50,303,1486,4234,6526,12599
DUNDALK SOUTH,2022,Females,68,291,1795,5890,10299,18343
DUNDALK SOUTH,2022,Males,71,235,1667,5560,10104,17637
DUNDALK-CARLINGFORD,2022,Females,48,255,1304,3929,6378,11914
DUNDALK-CARLINGFORD,2022,Males,56,232,1255,3597,6311,11451
DUNDRUM,2022,Females,50,224,1312,4771,9674,16031
DUNDRUM,2022,Males,41,184,1152,4292,9350,15019
DUNGARVAN,2022,Females,34,176,1071,3464,6022,10767
DUNGARVAN,2022,Males,41,142,977,3374,6026,10560
DÚN LAOGHAIRE,2022,Females,74,348,2106,6965,14321,23814
DÚN LAOGHAIRE,2022,Males,75,248,1708,6195,13356,21582
EDENDERRY,2022,Females,50,238,1289,3925,6247,11749
EDENDERRY,2022,Males,41,202,1124,3950,6555,11872
ENNIS,2022,Females,68,286,1719,5358,8870,16301
ENNIS,2022,Males,62,245,1462,4970,8493,15232
ENNISCORTHY,2022,Females,54,261,1554,4533,7453,13855
ENNISCORTHY,2022,Males,67,220,1446,4378,7418,13529
ENNISTIMON,2022,Females,30,107,812,2902,4516,8367
ENNISTIMON,2022,Males,30,111,791,2838,4324,8094
FERMOY,2022,Females,55,252,1663,6119,10612,18701
FERMOY,2022,Males,62,238,1544,5951,10931,18726
FIRHOUSE-BOHERNABREENA,2022,Females,41,212,1380,5285,11687,18605
FIRHOUSE-BOHERNABREENA,2022,Males,45,186,1150,4973,11290,17644
GALWAY CITY CENTRAL,2022,Females,40,235,1416,4640,6914,13245
GALWAY CITY CENTRAL,2022,Males,38,207,1225,4182,6215,11867
GALWAY CITY EAST,2022,Females,52,229,1385,4552,6534,12752
GALWAY CITY EAST,2022,Males,57,193,1209,4376,6515,12350
GALWAY CITY WEST,2022,Females,41,196,1108,4027,7852,13224
GALWAY CITY WEST,2022,Males,30,151,868,3458,6885,11392
GLENCULLEN-SANDYFORD,2022,Females,54,245,1616,6839,15200,23954
GLENCULLEN-SANDYFORD,2022,Males,40,210,1381,6320,14650,22601
GLENTIES,2022,Females,72,238,1595,3834,6309,12048
GLENTIES,2022,Males,65,237,1597,3769,6091,11759
GOREY,2022,Females,58,255,1528,4824,8605,15270
GOREY,2022,Males,52,240,1359,4529,8400,14580
GORT-KINVARA,2022,Females,39,111,987,3727,7485,12349
GORT-KINVARA,2022,Males,25,111,911,3682,7566,12295
GRAIGUECULLEN-PORTARLINGTON,2022,Females,52,220,1329,4603,8400,14604
GRAIGUECULLEN-PORTARLINGTON,2022,Males,37,200,1244,4596,8523,14600
GRANARD,2022,Females,24,95,533,1644,3058,5354
GRANARD,2022,Males,15,72,542,1759,3070,5458
GREYSTONES,2022,Females,49,194,1064,4095,9561,14963
GREYSTONES,2022,Males,33,160,942,3889,9124,14148
HOWTH-MALAHIDE,2022,Females,88,415,2554,10053,20945,34055
HOWTH-MALAHIDE,2022,Males,62,302,2301,9294,20118,32077
Ireland,2022,Females,8899,38590,232086,778510,1378469,2436554
Ireland,2022,Males,7944,33966,212809,748517,1362525,2365761
KANTURK,2022,Females,48,179,1156,4151,7069,12603
KANTURK,2022,Males,39,173,1145,4122,7102,12581
KELLS,2022,Females,53,230,1506,5240,9570,16599
KELLS,2022,Males,54,229,1531,5368,9560,16742
KENMARE,2022,Females,40,166,1235,4357,7283,13081
KENMARE,2022,Males,33,166,1265,4312,7010,12786
KILDARE,2022,Females,58,201,1335,4575,8022,14191
KILDARE,2022,Males,49,184,1206,4329,7963,13731
KILKENNY,2022,Females,55,240,1487,4695,7971,14448
KILKENNY,2022,Males,49,216,1214,4351,7583,13413
KILLALOE,2022,Females,29,118,828,3081,5944,10000
KILLALOE,2022,Males,31,120,812,3092,5892,9947
KILLARNEY,2022,Females,40,168,1279,4957,8339,14783
KILLARNEY,2022,Males,43,182,1205,4757,8308,14495
KILLINEY-SHANKILL,2022,Females,84,293,1773,6058,11750,19958
KILLINEY-SHANKILL,2022,Males,53,220,1470,5635,11043,18421
KILMUCKRIDGE,2022,Females,29,152,878,2758,5015,8832
KILMUCKRIDGE,2022,Males,29,112,848,2765,5019,8773
KILRUSH,2022,Females,43,198,1137,3653,5605,10636
KILRUSH,2022,Males,31,156,1180,3787,5475,10629
KIMMAGE-RATHMINES,2022,Females,119,482,2758,8819,16468,28646
KIMMAGE-RATHMINES,2022,Males,96,421,2442,7971,15434,26364
KINNEGAD,2022,Females,41,189,1059,3604,6188,11081
KINNEGAD,2022,Males,26,141,1039,3577,6314,11097
LAYTOWN-BETTYSTOWN,2022,Females,57,265,1613,6208,11499,19642
LAYTOWN-BETTYSTOWN,2022,Males,60,244,1466,6047,11451,19268
LEIXLIP,2022,Females,26,120,694,2475,4870,8185
LEIXLIP,2022,Males,19,92,635,2485,4727,7958
LETTERKENNY,2022,Females,80,274,1588,4913,8565,15420
LETTERKENNY,2022,Males,60,234,1413,4722,8546,14975
LIFFORD-STRANORLAR,2022,Females,85,275,1509,4377,6651,12897
LIFFORD-STRANORLAR,2022,Males,53,226,1561,4208,6820,12868
LIMERICK CITY EAST,2022,Females,62,348,1730,5669,9587,17396
LIMERICK CITY EAST,2022,Males,74,258,1571,5494,9817,17214
LIMERICK CITY NORTH,2022,Females,86,425,2111,5833,7828,16283
LIMERICK CITY NORTH,2022,Males,89,347,1791,5289,7595,15111
LIMERICK CITY WEST,2022,Females,70,334,1693,5634,9371,17102
LIMERICK CITY WEST,2022,Males,66,292,1543,5372,9223,16496
LISMORE,2022,Females,18,72,504,1819,3066,5479
LISMORE,2022,Males,23,61,483,1857,3142,5566
LISTOWEL,2022,Females,56,233,1539,4897,7553,14278
LISTOWEL,2022,Males,39,222,1404,4898,7541,14104
LONGFORD,2022,Females,46,208,1001,2750,3819,7824
LONGFORD,2022,Males,43,154,896,2571,3963,7627
LOUGHREA,2022,Females,39,146,1192,3889,6842,12108
LOUGHREA,2022,Males,26,158,1132,3809,6773,11898
LUCAN,2022,Females,65,328,1826,8274,15970,26463
LUCAN,2022,Males,50,252,1645,8028,16009,25984
MACROOM,2022,Females,31,172,1331,5516,12093,19143
MACROOM,2022,Males,43,168,1263,5728,12224,19426
MALLOW,2022,Females,35,202,1409,4833,8745,15224
MALLOW,2022,Males,38,189,1317,4646,8608,14798
MANORHAMILTON,2022,Females,12,99,621,1855,3023,5610
MANORHAMILTON,2022,Males,14,89,605,1861,3089,5658
MAYNOOTH,2022,Females,34,182,1178,4672,10348,16414
MAYNOOTH,2022,Males,25,138,1057,4759,10582,16561
MIDLETON,2022,Females,75,291,2088,7474,13889,23817
MIDLETON,2022,Males,72,256,1830,7182,13685,23025
MILFORD,2022,Females,23,103,651,2296,3900,6973
MILFORD,2022,Males,26,77,682,2224,3778,6787
MOATE,2022,Females,23,134,860,2985,5556,9558
MOATE,2022,Males,38,105,842,3051,5450,9486
MONAGHAN,2022,Females,35,146,1061,3613,6382,11237
MONAGHAN,2022,Males,27,128,980,3571,6415,11121
MUINEBEAG,2022,Females,26,109,767,2506,4519,7927
MUINEBEAG,2022,Males,19,111,783,2494,4722,8129
MULLINGAR,2022,Females,41,207,1285,4418,7371,13322
MULLINGAR,2022,Males,27,180,1197,4056,7170,12630
NAAS,2022,Females,63,255,1636,6764,13750,22468
NAAS,2022,Males,46,228,1496,6526,13595,21891
NAVAN,2022,Females,82,265,1679,6109,10748,18883
NAVAN,2022,Males,65,249,1544,5969,10665,18492
NENAGH,2022,Females,47,170,1107,3756,6192,11272
NENAGH,2022,Males,40,176,1134,3625,5987,10962
NEW ROSS,2022,Females,33,217,1435,4605,8049,14339
NEW ROSS,2022,Males,55,247,1434,4511,7860,14107
NEWBRIDGE,2022,Females,51,303,1643,5628,10494,18119
NEWBRIDGE,2022,Males,53,227,1385,5402,10651,17718
NEWCASTLE WEST,2022,Females,38,190,1383,4746,7511,13868
NEWCASTLE WEST,2022,Males,40,180,1360,4901,7629,14110
NEWPORT,2022,Females,41,120,731,2419,4989,8300
NEWPORT,2022,Males,23,128,682,2498,5095,8426
NORTH INNER CITY,2022,Females,123,545,2657,9635,13892,26852
NORTH INNER CITY,2022,Males,134,618,2743,9538,15070,28103
ONGAR,2022,Females,57,254,1645,6718,11764,20438
ONGAR,2022,Males,37,185,1295,6365,11944,19826
PALMERSTOWN-FONTHILL,2022,Females,58,265,1258,3673,5229,10483
PALMERSTOWN-FONTHILL,2022,Males,62,228,1053,3216,5126,9685
PEMBROKE,2022,Females,59,237,1421,5744,13759,21220
PEMBROKE,2022,Males,55,199,1217,5209,12560,19240
PILTOWN,2022,Females,37,146,1008,3382,6318,10891
PILTOWN,2022,Males,37,101,904,3439,6622,11103
PORTLAOISE,2022,Females,58,285,1552,5270,8852,16017
PORTLAOISE,2022,Males,57,254,1460,5344,8962,16077
PORTLAW-KILMACTHOMAS,2022,Females,20,124,749,2720,5286,8899
PORTLAW-KILMACTHOMAS,2022,Males,26,92,765,2785,5338,9006
RATHFARNHAM-TEMPLEOGUE,2022,Females,69,369,2301,8003,16201,26943
RATHFARNHAM-TEMPLEOGUE,2022,Males,66,279,1912,7347,15086,24690
RATOATH,2022,Females,36,179,1205,5452,12109,18981
RATOATH,2022,Males,29,163,1174,5234,12000,18600
ROSCOMMON,2022,Females,41,234,1266,3827,6198,11566
ROSCOMMON,2022,Males,52,184,1224,3873,6304,11637
ROSCREA-TEMPLEMORE,2022,Females,33,125,856,2714,4486,8214
ROSCREA-TEMPLEMORE,2022,Males,33,142,842,2719,4615,8351
ROSSLARE,2022,Females,40,173,1126,3670,6303,11312
ROSSLARE,2022,Males,34,195,1077,3606,6051,10963
RUSH-LUSK,2022,Females,54,264,1570,5885,11794,19567
RUSH-LUSK,2022,Males,38,193,1337,5674,11777,19019
SHANNON,2022,Females,43,271,1527,5037,8398,15276
SHANNON,2022,Males,57,226,1295,4926,8495,14999
SKIBBEREEN-WEST CORK,2022,Females,64,210,1428,4909,9137,15748
SKIBBEREEN-WEST CORK,2022,Males,44,183,1361,4839,8943,15370
SLIGO-DRUMCLIFF,2022,Females,33,108,742,2715,5606,9204
SLIGO-DRUMCLIFF,2022,Males,18,95,714,2629,5391,8847
SLIGO-STRANDHILL,2022,Females,47,237,1319,3665,5542,10810
SLIGO-STRANDHILL,2022,Males,48,214,1159,3302,5293,10016
SOUTH EAST INNER CITY,2022,Females,61,272,1470,5454,9909,17166
SOUTH EAST INNER CITY,2022,Males,69,277,1520,5312,9959,17137
SOUTH WEST INNER CITY,2022,Females,83,411,1843,6186,9893,18416
SOUTH WEST INNER CITY,2022,Males,67,366,1853,5918,10151,18355
STILLORGAN,2022,Females,37,141,1125,4581,11028,16912
STILLORGAN,2022,Males,30,108,810,3982,10120,15050
SWINFORD,2022,Females,43,163,1012,3013,4497,8728
SWINFORD,2022,Males,30,153,1047,3021,4537,8788
SWORDS,2022,Females,51,345,1879,7375,12735,22385
SWORDS,2022,Males,68,258,1633,6957,12876,21792
TALLAGHT CENTRAL,2022,Females,80,410,2015,5909,8210,16624
TALLAGHT CENTRAL,2022,Males,81,338,1722,5619,8260,16020
TALLAGHT SOUTH,2022,Females,109,389,2286,6749,10948,20481
TALLAGHT SOUTH,2022,Males,74,322,1778,6032,10971,19177
THURLES,2022,Females,36,156,970,3184,5356,9702
THURLES,2022,Males,37,123,1040,3020,5092,9312
TRALEE,2022,Females,63,347,1908,5716,8569,16603
TRALEE,2022,Males,73,270,1648,5295,8348,15634
TRAMORE-WATERFORD CITY WEST,2022,Females,40,164,1196,3680,6206,11286
TRAMORE-WATERFORD CITY WEST,2022,Males,54,198,1093,3566,6149,11060
TRIM,2022,Females,38,213,1324,4908,9607,16090
TRIM,2022,Males,55,190,1282,4912,9565,16004
TUAM,2022,Females,62,281,1535,5529,9502,16909
TUAM,2022,Males,50,213,1576,5559,9385,16783
TULLAMORE,2022,Females,55,274,1465,4755,8189,14738
TULLAMORE,2022,Males,51,251,1306,4597,8092,14297
TULLOW,2022,Females,34,165,1053,2969,5408,9629
TULLOW,2022,Males,32,166,916,2926,5153,9193
WATERFORD CITY EAST,2022,Females,38,163,1082,3596,6788,11667
WATERFORD CITY EAST,2022,Males,32,136,932,3308,6723,11131
WATERFORD CITY SOUTH,2022,Females,56,275,1485,4216,5867,11899
WATERFORD CITY SOUTH,2022,Males,55,246,1306,3875,5843,11325
WESTPORT,2022,Females,23,142,934,3170,5544,9813
WESTPORT,2022,Males,24,119,821,2995,5256,9215
WEXFORD,2022,Females,85,342,1773,5018,8281,15499
WEXFORD,2022,Males,66,299,1521,4687,8006,14579
WICKLOW,2022,Females,47,214,1353,4877,9451,15942
WICKLOW,2022,Males,53,184,1249,4774,9293,15553
