CSO_LEA,Census Year,very_bad,bad,fair,good,very_good,population,p_health_very_bad,p_health_bad,p_health_fair,p_health_good,p_health_very_good
ADARE-RATHKEALE,2022,103,421,2540,8875,15458,27397,0.003759535715589298,0.01536664598313684,0.09271088075336716,0.32394057743548565,0.5642223601124211
ARDEE,2022,83,346,2459,7946,14989,25823,0.0032141889013669986,0.013398907950276885,0.09522518684893312,0.3077101808465322,0.5804515354528909
ARKLOW,2022,102,438,2560,8468,14945,26513,0.0038471693131671256,0.01652019763889413,0.09655640629125335,0.31939048768528644,0.563685739071399
ARTANE-WHITEHALL,2022,246,1049,5627,15650,24775,47347,0.005195682936616893,0.02215557479882569,0.11884596700952542,0.3305383656831478,0.5232644095718841
ASHBOURNE,2022,78,352,2362,9938,19323,32053,0.0024334695660312607,0.010981811374910305,0.07369045019186972,0.3100489813745983,0.6028452874925904
ATHENRY-ORANMORE,2022,79,340,2577,10309,20422,33727,0.00234233700002965,0.010080944050760519,0.07640762593767604,0.3056601535861476,0.6055089394253862
ATHLONE,2022,66,250,1666,6213,12106,20301,0.0032510713757942958,0.012314664302251121,0.08206492291020147,0.3060440372395449,0.5963253041722083
ATHLONE_WESTMEATH,2022,80,368,2197,7411,12077,22133,0.0036145122667510052,0.016626756427054624,0.09926354312564949,0.3348393801111463,0.5456558080693986
ATHY,2022,116,479,2700,8576,15355,27226,0.004260633218247264,0.017593476823624478,0.09916991111437597,0.31499302137662527,0.563982957467127
BAILIEBOROUGH-COOTEHILL,2022,68,353,2073,7376,14535,24405,0.0027863142798606843,0.014464249129276787,0.08494161032575293,0.30223314894488834,0.5955746773202213
BALBRIGGAN,2022,150,621,3396,12265,22032,38464,0.0038997504159733777,0.016144966722129783,0.08829034941763728,0.31886959234608986,0.5727953410981698
BALLINA,2022,92,435,2763,8351,13504,25145,0.0036587790813282957,0.017299661960628356,0.10988268045337045,0.3321137403062239,0.537045138198449
BALLINAMORE,2022,21,177,1098,3389,5785,10470,0.0020057306590257878,0.0169054441260745,0.10487106017191977,0.32368672397325693,0.5525310410697231
BALLINASLOE,2022,128,431,2894,9349,15726,28528,0.00448681996634885,0.015107964105440269,0.10144419517666854,0.3277131239484016,0.5512478968031408
BALLYBAY-CLONES,2022,51,215,1658,5550,10550,18024,0.002829560585885486,0.011928539724811362,0.091988459831336,0.3079227696404794,0.5853306702174877
BALLYFERMOT-DRIMNAGH,2022,248,1053,5266,14512,20740,41819,0.005930318754633061,0.02517994213156699,0.1259236232334585,0.34701929744852816,0.49594681843181326
BALLYJAMESDUFF,2022,78,361,2467,8496,15544,26946,0.0028946782453796484,0.01339716469976991,0.09155347732502041,0.3152972611890448,0.5768574185407853
BALLYMAHON,2022,61,244,1556,4926,8052,14839,0.004110789136734281,0.016443156546937125,0.10485881797964823,0.33196307028775524,0.5426241660489252
BALLYMOTE-TOBERCURRY,2022,85,387,2836,8850,15148,27306,0.003112868966527503,0.014172709294660513,0.1038599575184941,0.32410459239727535,0.5547498718230426
BALLYMUN-FINGLAS,2022,321,1246,5852,16332,24055,47806,0.006714638329916747,0.026063674015813915,0.12241141279337321,0.34163075764548384,0.5031795172154123
BALTINGLASS,2022,101,376,2314,8413,15546,26750,0.0037757009345794393,0.01405607476635514,0.08650467289719627,0.31450467289719625,0.5811588785046728
BANDON-KINSALE,2022,86,431,2829,11757,23835,38938,0.00220863937541733,0.011068878730289177,0.07265396270994914,0.30194154810211105,0.6121269710822332
BANTRY-WEST CORK,2022,94,327,2381,7746,12331,22879,0.004108571178810263,0.014292582717776127,0.10406923379518336,0.3385637484155776,0.5389658638926527
BELMULLET,2022,69,271,1817,4246,5871,12274,0.0056216392374124164,0.02207919178751833,0.14803649991852696,0.3459344956819293,0.47832817337461303
BIRR,2022,108,452,2602,8755,13917,25834,0.004180537276457382,0.01749632267554386,0.10071998141983432,0.33889448014244794,0.5387086784857165
BLACKROCK,2022,68,324,2256,8868,21242,32758,0.0020758288051773615,0.00989071371878625,0.06886867330117834,0.27071249771048295,0.6484522864643751
BLANCHARDSTOWN-MULHUDDART,2022,120,488,2796,11536,20010,34950,0.0034334763948497852,0.013962804005722461,0.08,0.33007153075822604,0.5725321888412017
BORRIS-IN-OSSORY-MOUNTMELLICK,2022,86,417,2518,8142,14276,25439,0.003380636031290538,0.016392153779629704,0.09898187821848344,0.320059750776367,0.5611855811942293
BOYLE,2022,103,428,2664,7901,12268,23364,0.00440849169662729,0.018318781030645437,0.1140215716486903,0.3381698339325458,0.5250813216914911
BRAY EAST,2022,78,286,1795,5686,8780,16625,0.00469172932330827,0.01720300751879699,0.10796992481203008,0.34201503759398494,0.5281203007518797
BRAY WEST,2022,64,234,1551,5422,10778,18049,0.0035459028201008367,0.012964707185993685,0.08593273865588122,0.30040445454041775,0.5971521967976066
BUNCRANA,2022,84,333,2306,6762,12108,21593,0.003890149585513824,0.015421664428286946,0.10679386838327236,0.3131570416338628,0.5607372759690641
CABRA-GLASNEVIN,2022,228,989,5281,17696,30799,54993,0.004145982215918389,0.017984107068172314,0.0960304038695834,0.3217864091793501,0.5600530976669758
CAHIR,2022,50,197,1369,4972,7904,14492,0.003450179409329285,0.013593706872757383,0.09446591222743583,0.3430858404637041,0.5454043610267734
CALLAN-THOMASTOWN,2022,88,320,2182,7900,15227,25717,0.003421861025780612,0.01244313100283859,0.08484659952560564,0.30718979663257767,0.5920986118131975
CAPPAMORE-KILMALLOCK,2022,128,508,3439,11417,19402,34894,0.003668252421619763,0.014558376798303433,0.09855562560898722,0.3271909210752565,0.5560268240958331
CARLOW,2022,114,486,2588,7924,12000,23112,0.004932502596053998,0.02102803738317757,0.11197646244375216,0.3428521979923849,0.5192107995846313
CARNDONAGH,2022,65,289,1842,5646,9300,17142,0.0037918562594796406,0.01685917629214794,0.10745537276863844,0.32936646832341615,0.5425271263563178
CARRICK-ON-SHANNON,2022,30,218,1313,3844,6519,11924,0.0025159342502515934,0.018282455551828246,0.1101140556860114,0.3223750419322375,0.5467125125796712
CARRICK-ON-SUIR,2022,116,391,2097,6116,10576,19296,0.0060116086235489224,0.020263266998341627,0.10867537313432836,0.3169568822553897,0.5480928689883914
CARRICKMACROSS-CASTLEBLAYNEY,2022,73,322,2079,6978,12815,22267,0.0032783940360174247,0.014460861364350833,0.09336686576548256,0.31337854223739164,0.5755153365967576
CARRIGALINE,2022,88,376,2495,11035,24107,38101,0.002309650665336868,0.009868507388257525,0.06548384556835779,0.28962494422718565,0.6327130521508622
CASHEL-TIPPERARY,2022,97,478,2873,9149,15121,27718,0.0034995309906919693,0.017245111479904755,0.10365105707482503,0.3300743199365034,0.5455299805180749
CASTLEBAR,2022,82,487,2870,9934,16886,30259,0.0027099375392445222,0.01609438514161076,0.09484781387355828,0.3282990184738425,0.5580488449717439
CASTLECOMER,2022,84,321,2089,7481,13928,23903,0.0035142032380872695,0.013429276659833494,0.08739488767100365,0.31297326695393884,0.5826883654771368
CASTLEISLAND,2022,56,201,1565,5724,9922,17468,0.003205862147927639,0.01150675520952599,0.08959239752690634,0.3276849095488894,0.5680100755667506
CASTLEKNOCK,2022,107,532,3253,13185,26960,44037,0.0024297749619638033,0.012080750278175172,0.07386970047914254,0.29940731657469855,0.61221245770602
CAVAN-BELTURBET,2022,109,406,2723,8417,14224,25879,0.004211909270064531,0.015688395996754124,0.105220449012713,0.32524440666177207,0.5496348390586963
CELBRIDGE,2022,48,222,1709,6857,13093,21929,0.0021888823019745544,0.010123580646632314,0.07793333029321903,0.31269095717998996,0.5970632495781841
CLANE,2022,85,390,2484,9395,17289,29643,0.0028674560604527205,0.013156563100900718,0.08379718651958304,0.3169382316229801,0.5832405626960834
CLAREMORRIS,2022,96,387,2763,9569,14791,27606,0.003477504890241252,0.014018691588785047,0.10008693762225603,0.34662754473665147,0.5357893211620662
CLONDALKIN,2022,198,791,4625,15876,25992,47482,0.0041700012636367466,0.016658944442104376,0.09740533254707047,0.33435828313887367,0.5474074386083148
CLONMEL,2022,99,411,2454,7879,12275,23118,0.004282377368284454,0.01777835452893849,0.1061510511289904,0.34081667964356777,0.5309715373302188
CLONTARF,2022,184,749,4617,15789,33149,54488,0.003376890324475114,0.013746145940390544,0.08473425341359565,0.2897702246366172,0.6083724856849214
COBH,2022,108,421,2784,10684,21984,35981,0.003001584169422751,0.011700619771546093,0.07737416970067536,0.29693449320474696,0.6109891331536088
CONAMARA NORTH,2022,73,255,1955,5870,9097,17250,0.004231884057971014,0.014782608695652174,0.11333333333333333,0.3402898550724638,0.5273623188405797
CONAMARA SOUTH,2022,71,296,2060,6475,13122,22024,0.0032237559026516527,0.013439883763167454,0.09353432618961133,0.29399745731928806,0.5958045768252815
CORCA DHUIBHNE,2022,33,165,1335,4758,8065,14356,0.00229869044302034,0.0114934522151017,0.09299247701309557,0.33142936751184177,0.5617860128169406
CORK CITY NORTH EAST,2022,156,705,3862,13071,22859,40653,0.003837355176739724,0.017341893587189138,0.0949991390549283,0.32152608663567267,0.5622955255454702
CORK CITY NORTH WEST,2022,231,821,4507,12331,19523,37413,0.006174324432683826,0.021944243979365462,0.12046614813032903,0.32959131852564616,0.5218239649319755
CORK CITY SOUTH CENTRAL,2022,132,635,3796,12390,20166,37119,0.003556130283682211,0.017107141894986397,0.10226568603680056,0.3337913198092621,0.5432797219752687
CORK CITY SOUTH EAST,2022,123,535,3553,12662,26216,43089,0.002854556847455267,0.01241616189746803,0.08245723966673629,0.2938569008331593,0.6084151407551811
CORK CITY SOUTH WEST,2022,160,672,4187,14828,28119,47966,0.0033356961180836427,0.014009923695951299,0.08729099779010133,0.3091356377434016,0.5862277446524622
DONAGHMEDE,2022,213,754,4371,14528,24342,44208,0.00481813246471227,0.017055736518277236,0.09887350705754615,0.3286283025696706,0.5506243213897937
DONEGAL,2022,87,411,2907,9087,14383,26875,0.0032372093023255812,0.015293023255813953,0.10816744186046512,0.3381209302325581,0.5351813953488372
DROGHEDA RURAL,2022,58,251,1648,5750,11303,19010,0.003051025775907417,0.013203577064702788,0.08669121514992109,0.30247238295633877,0.5945817990531299
DROGHEDA URBAN,2022,124,616,3162,8848,13059,25809,0.004804525553101631,0.023867643070246813,0.12251540160409159,0.3428261459180906,0.5059862838544694
DUNDALK SOUTH,2022,139,526,3462,11450,20403,35980,0.0038632573652028906,0.01461923290717065,0.0962201222901612,0.31823235130628125,0.567065036131184
DUNDALK-CARLINGFORD,2022,104,487,2559,7526,12689,23365,0.0044511020757543335,0.02084314145088808,0.10952279049860902,0.3221057136742992,0.5430772523004493
DUNDRUM,2022,91,408,2464,9063,19024,31050,0.0029307568438003222,0.013140096618357487,0.07935587761674719,0.29188405797101447,0.6126892109500806
DUNGARVAN,2022,75,318,2048,6838,12048,21327,0.003516669011112674,0.014910676607117737,0.09602850846345008,0.3206264359731795,0.56491770994514
DÚN LAOGHAIRE,2022,149,596,3814,13160,27677,45396,0.003282227509031633,0.013128910036126531,0.08401621288219227,0.28989338267688786,0.6096792668957618
EDENDERRY,2022,91,440,2413,7875,12802,23621,0.003852504127682994,0.01862749248550019,0.10215486219889082,0.3333897802802591,0.541975360907667
ENNIS,2022,130,531,3181,10328,17363,31533,0.004122665144451844,0.01683950147464561,0.10087844480385627,0.32752988932229726,0.550629499254749
ENNISCORTHY,2022,121,481,3000,8911,14871,27384,0.004418638621092609,0.017565001460706983,0.10955302366345311,0.3254089979550102,0.543054338299737
ENNISTIMON,2022,60,218,1603,5740,8840,16461,0.003644979041370512,0.01324342385031286,0.09738169005528219,0.348702994957779,0.5370269120952554
FERMOY,2022,117,490,3207,12070,21543,37427,0.003126085446335533,0.013092152723969326,0.08568680364442782,0.3224944558741016,0.5756005023111658
FIRHOUSE-BOHERNABREENA,2022,86,398,2530,10258,22977,36249,0.002372479240806643,0.010979613230709813,0.06979502882838147,0.28298711688598305,0.633865761814119
GALWAY CITY CENTRAL,2022,78,442,2641,8822,13129,25112,0.003106084740363173,0.01760114686205798,0.1051688435807582,0.351306148454922,0.5228177763618987
GALWAY CITY EAST,2022,109,422,2594,8928,13049,25102,0.0043422834833877775,0.01681140944944626,0.10333837941199904,0.3556688710062943,0.5198390566488726
GALWAY CITY WEST,2022,71,347,1976,7485,14737,24616,0.0028843028924276895,0.014096522586935327,0.08027299317517061,0.3040705232369191,0.5986756581085473
GLENCULLEN-SANDYFORD,2022,94,455,2997,13159,29850,46555,0.0020191171732359577,0.009773386317259157,0.06437546987434217,0.282654924283106,0.6411771023520567
GLENTIES,2022,137,475,3192,7603,12400,23807,0.005754609988658798,0.019952114924181964,0.1340782122905028,0.31935985214432727,0.5208552106523291
GOREY,2022,110,495,2887,9353,17005,29850,0.0036850921273031824,0.016582914572864323,0.09671691792294808,0.31333333333333335,0.569681742043551
GORT-KINVARA,2022,64,222,1898,7409,15051,24644,0.0025969810095763674,0.009008277876968025,0.07701671806524915,0.3006411296867392,0.6107368933614673
GRAIGUECULLEN-PORTARLINGTON,2022,89,420,2573,9199,16923,29204,0.0030475277359265853,0.014381591562799617,0.08810436926448431,0.3149910971099849,0.5794754143268045
GRANARD,2022,39,167,1075,3403,6128,10812,0.003607103218645949,0.015445800961894192,0.09942656307806141,0.3147428782833888,0.5667776544580096
GREYSTONES,2022,82,354,2006,7984,18685,29111,0.0028168046442925356,0.012160351757067775,0.0689086599567174,0.2742605887808732,0.6418535948610491
HOWTH-MALAHIDE,2022,150,717,4855,19347,41063,66132,0.002268190890945382,0.010841952458718926,0.07341377850359886,0.2925512611141354,0.6209248170326015
Ireland,2022,16843,72556,444895,1527027,2740994,4802315,0.003507266807779165,0.015108546607209231,0.09264177797583041,0.31797726721383335,0.5707651413953478
KANTURK,2022,87,352,2301,8273,14171,25184,0.003454574332909784,0.01397712833545108,0.09136753494282084,0.32850222363405335,0.5626985387547649
KELLS,2022,107,459,3037,10608,19130,33341,0.003209261869769953,0.0137668336282655,0.09108904951861072,0.3181668216310249,0.573768033352329
KENMARE,2022,73,332,2500,8669,14293,25867,0.0028221285808172577,0.012834886148374377,0.09664823906908417,0.33513743379595623,0.552557312405768
KILDARE,2022,107,385,2541,8904,15985,27922,0.0038321037174987465,0.013788410572308575,0.09100350977723659,0.31888833178139103,0.5724876441515651
KILKENNY,2022,104,456,2701,9046,15554,27861,0.003732816481820466,0.01636696457413589,0.09694555112881806,0.32468324898603784,0.5582714188291877
KILLALOE,2022,60,238,1640,6173,11836,19947,0.0030079711234772145,0.011931618789792951,0.08221787737504387,0.30947009575374745,0.5933724369579385
KILLARNEY,2022,83,350,2484,9714,16647,29278,0.0028348930937905593,0.011954368467791516,0.08484186078284035,0.33178495798893365,0.5685839196666439
KILLINEY-SHANKILL,2022,137,513,3243,11693,22793,38379,0.003569660491414576,0.013366684905807863,0.0844993355741421,0.3046718257380338,0.5938924932906017
KILMUCKRIDGE,2022,58,264,1726,5523,10034,17605,0.003294518602669696,0.014995739846634479,0.09804032945186027,0.3137176938369781,0.5699517182618574
KILRUSH,2022,74,354,2317,7440,11080,21265,0.003479896543616271,0.016647072654596754,0.10895838231836351,0.34987067952033857,0.5210439689630849
KIMMAGE-RATHMINES,2022,215,903,5200,16790,31902,55010,0.00390838029449191,0.016415197236866023,0.09452826758771132,0.30521723323032174,0.579930921650609
KINNEGAD,2022,67,330,2098,7181,12502,22178,0.0030210118135088827,0.014879610424745244,0.09459825051853188,0.32378934078816846,0.5637117864550455
LAYTOWN-BETTYSTOWN,2022,117,509,3079,12255,22950,38910,0.0030069390902081727,0.013081470059110768,0.0791313287072732,0.31495759444872784,0.5898226676946801
LEIXLIP,2022,45,212,1329,4960,9597,16143,0.0027875859505668093,0.013132627144892522,0.08232670507340643,0.30725391810691943,0.5944991637242149
LETTERKENNY,2022,140,508,3001,9635,17111,30395,0.004606020727093272,0.016713275209738445,0.09873334430004935,0.3169929264681691,0.5629544332949499
LIFFORD-STRANORLAR,2022,138,501,3070,8585,13471,25765,0.005356103240830584,0.01944498350475451,0.11915389093731807,0.3332039588589171,0.5228410634581797
LIMERICK CITY EAST,2022,136,606,3301,11163,19404,34610,0.003929500144466917,0.017509390349609938,0.09537705865356834,0.3225368390638544,0.5606472117885004
LIMERICK CITY NORTH,2022,175,772,3902,11122,15423,31394,0.00557431356310123,0.024590686118366567,0.12429126584697713,0.3542715168503536,0.4912722176212015
LIMERICK CITY WEST,2022,136,626,3236,11006,18594,33598,0.00404785999166617,0.01863206143222811,0.09631525686052742,0.32757902256086674,0.5534257991547116
LISMORE,2022,41,133,987,3676,6208,11045,0.0037120869171570845,0.012041647804436397,0.08936170212765958,0.3328202806699864,0.5620642824807606
LISTOWEL,2022,95,455,2943,9795,15094,28382,0.003347191882178846,0.016031287435698684,0.10369248115002466,0.3451130998520189,0.5318159396800789
LONGFORD,2022,89,362,1897,5321,7782,15451,0.005760144974435312,0.023428904278040258,0.12277522490453692,0.34437900459517184,0.5036567212478157
LOUGHREA,2022,65,304,2324,7698,13615,24006,0.002707656419228526,0.0126635007914688,0.0968091310505707,0.32066983254186454,0.5671498791968674
LUCAN,2022,115,580,3471,16302,31979,52447,0.002192689762998837,0.011058783152515872,0.0661810971075562,0.3108280740557134,0.6097393559212158
MACROOM,2022,74,340,2594,11244,24317,38569,0.0019186393217350722,0.008815369856620603,0.06725608649433483,0.2915294666701237,0.6304804376571859
MALLOW,2022,73,391,2726,9479,17353,30022,0.00243155019652255,0.013023782559456399,0.09080007994137633,0.31573512757311306,0.5780094597295317
MANORHAMILTON,2022,26,188,1226,3716,6112,11268,0.0023074192403265887,0.01668441604543841,0.10880369187078452,0.32978345757898475,0.5424210152644657
MAYNOOTH,2022,59,320,2235,9431,20930,32975,0.0017892342683851403,0.009704321455648219,0.06777862016679302,0.28600454890068233,0.6347232752084913
MIDLETON,2022,147,547,3918,14656,27574,46842,0.00313820929934674,0.011677554331582768,0.08364288459075189,0.312881601981128,0.5886597497971906
MILFORD,2022,49,180,1333,4520,7678,13760,0.003561046511627907,0.01308139534883721,0.096875,0.32848837209302323,0.5579941860465116
MOATE,2022,61,239,1702,6036,11006,19044,0.0032031085906322203,0.012549884478050829,0.0893719806763285,0.31695022054190297,0.5779248057130855
MONAGHAN,2022,62,274,2041,7184,12797,22358,0.002773056624027194,0.012255121209410502,0.09128723499418552,0.3213167546292155,0.5723678325431613
MUINEBEAG,2022,45,220,1550,5000,9241,16056,0.002802690582959641,0.013702042850024913,0.09653712007972097,0.31141006477329347,0.575548081714001
MULLINGAR,2022,68,387,2482,8474,14541,25952,0.0026202219482120838,0.014912145499383477,0.09563810110974107,0.32652589395807646,0.5603036374845869
NAAS,2022,109,483,3132,13290,27345,44359,0.0024572240131653105,0.010888433012466467,0.0706057395342546,0.29960098288960524,0.6164476205505084
NAVAN,2022,147,514,3223,12078,21413,37375,0.003933110367892977,0.013752508361204013,0.08623411371237458,0.3231571906354515,0.5729230769230769
NENAGH,2022,87,346,2241,7381,12179,22234,0.003912926149140955,0.015561752271296213,0.10079158046235495,0.33196905640010793,0.5477646847170999
NEW ROSS,2022,88,464,2869,9116,15909,28446,0.0030935808197989174,0.016311607958939746,0.10085776559094424,0.32046684946916965,0.5592701961611475
NEWBRIDGE,2022,104,530,3028,11030,21145,35837,0.0029020286296285963,0.014789184362530346,0.08449367971649413,0.30778245946926364,0.5900326478220833
NEWCASTLE WEST,2022,78,370,2743,9647,15140,27978,0.0027879047823289728,0.013224676531560512,0.09804131817856887,0.3448066337836872,0.5411394667238545
NEWPORT,2022,64,248,1413,4917,10084,16726,0.003826378093985412,0.014827215114193472,0.08447925385627167,0.293973454501973,0.6028936984335764
NORTH INNER CITY,2022,257,1163,5400,19173,28962,54955,0.004676553543808571,0.021162769538713492,0.0982622145391684,0.34888545173323626,0.5270130106450732
ONGAR,2022,94,439,2940,13083,23708,40264,0.002334591694814226,0.01090303993641963,0.07301808066759388,0.32493045897079276,0.5888138287303795
PALMERSTOWN-FONTHILL,2022,120,493,2311,6889,10355,20168,0.005950019833399445,0.024444664815549386,0.11458746529155098,0.3415807219357398,0.5134371281237604
PEMBROKE,2022,114,436,2638,10953,26319,40460,0.0028175976272862085,0.010776075135936728,0.06520019772614928,0.2707118141374197,0.6504943153732081
PILTOWN,2022,74,247,1912,6821,12940,21994,0.0033645539692643447,0.011230335546058016,0.08693279985450578,0.3101300354642175,0.5883422751659544
PORTLAOISE,2022,115,539,3012,10614,17814,32094,0.0035832242786813734,0.016794416401819653,0.09384931762946346,0.3307160216862965,0.555057020003739
PORTLAW-KILMACTHOMAS,2022,46,216,1514,5505,10624,17905,0.0025691147724099415,0.012063669366098855,0.08455738620497068,0.30745601787210275,0.5933538117844177
RATHFARNHAM-TEMPLEOGUE,2022,135,648,4213,15350,31287,51633,0.0026146069374237404,0.012550113299633955,0.08159510390641644,0.2972904925144772,0.6059496833420487
RATOATH,2022,65,342,2379,10686,24109,37581,0.0017295974029429765,0.009100343258561508,0.06330326494771293,0.28434581304382534,0.6415209813469572
ROSCOMMON,2022,93,418,2490,7700,12502,23203,0.004008102400551653,0.01801491186484506,0.1073137094341249,0.33185363961556696,0.5388096366849114
ROSCREA-TEMPLEMORE,2022,66,267,1698,5433,9101,16565,0.003984304255961364,0.016118321762752793,0.10250528222155146,0.3279806821611832,0.5494114095985512
ROSSLARE,2022,74,368,2203,7276,12354,22275,0.0033221099887766553,0.016520763187429854,0.09890011223344557,0.32664421997755333,0.5546127946127946
RUSH-LUSK,2022,92,457,2907,11559,23571,38586,0.0023842844555019955,0.011843673871352304,0.07533820556678589,0.299564608925517,0.6108692271808428
SHANNON,2022,100,497,2822,9963,16893,30275,0.0033030553261767133,0.016416184971098265,0.09321222130470685,0.32908340214698595,0.5579851362510322
SKIBBEREEN-WEST CORK,2022,108,393,2789,9748,18080,31118,0.0034706600681277716,0.012629346359020502,0.08962658268526255,0.31325920688990294,0.5810142039976862
SLIGO-DRUMCLIFF,2022,51,203,1456,5344,10997,18051,0.002825328236662789,0.011245914353775414,0.08066035122707883,0.29605008032795965,0.6092183258545233
SLIGO-STRANDHILL,2022,95,451,2478,6967,10835,20826,0.004561605685201191,0.021655622779218286,0.11898588303082686,0.3345337558820705,0.5202631326226832
SOUTH EAST INNER CITY,2022,130,549,2990,10766,19868,34303,0.003789755998017666,0.01600443109932076,0.08716438795440631,0.3138501005742938,0.5791913243739615
SOUTH WEST INNER CITY,2022,150,777,3696,12104,20044,36771,0.004079301623562046,0.0211307824100514,0.10051399200456881,0.32917244567730003,0.5451034782845177
STILLORGAN,2022,67,249,1935,8563,21148,31962,0.002096239284149928,0.007790501220198987,0.06054064201238971,0.2679118953757587,0.6616607221075027
SWINFORD,2022,73,316,2059,6034,9034,17516,0.004167618177666134,0.018040648549897238,0.11754966887417219,0.34448504224708837,0.515757022151176
SWORDS,2022,119,603,3512,14332,25611,44177,0.002693709396292188,0.013649636688774702,0.07949838151074089,0.324422210652602,0.5797360617515902
TALLAGHT CENTRAL,2022,161,748,3737,11528,16470,32644,0.004931993628231835,0.022913858595760322,0.1144773924764122,0.35314299718171793,0.5045337581178777
TALLAGHT SOUTH,2022,183,711,4064,12781,21919,39658,0.004614453578092693,0.017928286852589643,0.10247617126430984,0.32228049826012406,0.5527005900448838
THURLES,2022,73,279,2010,6204,10448,19014,0.0038392763227095826,0.014673398548437994,0.10571158094035973,0.326285894603976,0.5494898495845166
TRALEE,2022,136,617,3556,11011,16917,32237,0.004218754846915035,0.01913949809225424,0.11030803114433725,0.34156404131898127,0.5247696745975122
TRAMORE-WATERFORD CITY WEST,2022,94,362,2289,7246,12355,22346,0.004206569408395239,0.016199767296160388,0.10243444016826278,0.32426385035353084,0.5528953727736508
TRIM,2022,93,403,2606,9820,19172,32094,0.0028977378949336325,0.012556864211379073,0.08119897800211878,0.30597619492740075,0.5973702249641678
TUAM,2022,112,494,3111,11088,18887,33692,0.0033242312715184613,0.014662234358304643,0.09233645969369583,0.32909889588032765,0.5605781787961533
TULLAMORE,2022,106,525,2771,9352,16281,29035,0.0036507663165145513,0.0180816256242466,0.09543654210435681,0.3220940244532461,0.560737041501636
TULLOW,2022,66,331,1969,5895,10561,18822,0.0035065349059611095,0.017585803846562532,0.10461162469450642,0.31319732228243546,0.5610987142705345
WATERFORD CITY EAST,2022,70,299,2014,6904,13511,22798,0.0030704447758575313,0.013115185542591456,0.08834108255110097,0.3028335818931485,0.5926397052373015
WATERFORD CITY SOUTH,2022,111,521,2791,8091,11710,23224,0.004779538408542887,0.02243368928694454,0.12017740268687564,0.3483895969686531,0.5042197726489838
WESTPORT,2022,47,261,1755,6165,10800,19028,0.002470044145469834,0.01371662812697078,0.09223249947445869,0.32399621610258567,0.567584612150515
WEXFORD,2022,151,641,3294,9705,16287,30078,0.005020280603763548,0.02131125739743334,0.10951526032315978,0.32266108118890885,0.5414921204867345
WICKLOW,2022,100,398,2602,9651,18744,31495,0.0031751071598666455,0.01263692649626925,0.08261628829973011,0.30642959199872993,0.5951420860454041
