CSO_LEA,p_age_12to17,p_age_18to54,p_age_55to64,p_age_65to70,p_age_71plus,p_male,p_female,p_edu_NoFormal,p_edu_Primary,p_edu_UpperSecondary,p_edu_Apprenticeship,p_edu_HonoursBachelor,p_edu_Postgraduate,p_health_VeryBad,p_health_Bad,p_health_Fair,p_health_Good,p_health_VeryGood,Wt_accessibility_Initial_Vacc,accessibility_Pharmacy10,accessibility_10,Index22_rel,AGEDEP22,ED_LOW22,EDHIGH22,UNEMPM22,UNEMPF22,p_age_12to17_females,p_age_12to17_males,p_age_18to54_females,p_age_18to54_males,p_age_55to64_females,p_age_55to64_males,p_age_65to70_females,p_age_65to70_males,p_age_71plus_females,p_age_71plus_males
ADARE-RATHKEALE,0.107471413,0.504771731,0.164302296,0.131330066,0.092124495,0.496775858,0.503224142,0.040800071,0.134702186,0.327639614,0.124347287,0.216302328,0.156208514,0.003759536,0.015366646,0.092710881,0.323940577,0.56422236,0.625261177,23.80635562,9.443468611,0.950476033,37.46033912,10.60087672,38.22837592,6.23015873,6.441326531,0.049780758,0.057690654,0.256813688,0.247958043,0.081549308,0.082752988,0.064955722,0.066374344,0.050124667,0.041999828
ARDEE,0.126323218,0.543824982,0.147447659,0.103505058,0.078899083,0.497765232,0.502234768,0.063173217,0.155943717,0.307714702,0.135177098,0.201358564,0.136632703,0.003214189,0.013398908,0.095225187,0.307710181,0.580451535,1.313249356,22.86555455,5.611021701,-1.400383047,35.19641932,13.34357641,35.24997045,7.944055944,7.841788478,0.06116208,0.065161139,0.276358504,0.267466478,0.071371442,0.076076217,0.050247001,0.053258057,0.043095742,0.03580334
ARKLOW,0.120059489,0.532786516,0.156203524,0.113119113,0.077831358,0.494434179,0.505565821,0.054545455,0.145454545,0.337121212,0.151704545,0.183996212,0.12717803,0.003847169,0.016520198,0.096556406,0.319390488,0.563685739,0.570178481,15.33068699,5.571875575,-3.520284381,35.60970358,11.99182376,34.40267999,10.24172139,9.895658028,0.058542521,0.061516968,0.27373924,0.259047276,0.076749741,0.079453783,0.05633422,0.056784893,0.040200099,0.037631259
ARTANE-WHITEHALL,0.087491587,0.548336698,0.142366119,0.095735987,0.126069609,0.471853668,0.528146332,0.048070991,0.196697195,0.314620605,0.123712808,0.17956627,0.137332131,0.005195683,0.022155575,0.118845967,0.330538366,0.52326441,0.675202543,47.55613997,16.05062573,-6.371849946,34.41509868,15.76598606,32.73627583,10.87230416,8.969912076,0.043817902,0.043673685,0.282040188,0.26629651,0.074079415,0.068286703,0.052543025,0.043192962,0.075665801,0.050403807
ASHBOURNE,0.124256884,0.591989987,0.126329787,0.098678035,0.058745307,0.493742178,0.506257822,0.032082962,0.096005833,0.328607308,0.134732237,0.236895406,0.171676254,0.00243347,0.010981811,0.07369045,0.310048981,0.602845287,1.444650943,23.76056558,7.486190291,3.734560243,35.96192863,7.98444523,42.59885864,5.343595382,7.064160726,0.061013767,0.063243116,0.300492804,0.291497184,0.06363423,0.062695557,0.050649249,0.048028786,0.030467772,0.028277534
ATHENRY-ORANMORE,0.124542125,0.566630037,0.140879121,0.096446886,0.071501832,0.495824176,0.504175824,0.028699615,0.101837345,0.284574847,0.11622276,0.253453924,0.215211508,0.002342337,0.010080944,0.076407626,0.305660154,0.605508939,2.758595659,22.29682474,13.92519823,5.238214536,35.74134739,8.522410266,47.43816254,5.55024939,5.796224589,0.06029304,0.064249084,0.286923077,0.27970696,0.06956044,0.071318681,0.048168498,0.048278388,0.039230769,0.032271062
ATHLONE,0.120127719,0.526296765,0.158985481,0.113621302,0.080968733,0.494065908,0.505934092,0.03437985,0.112450758,0.345469739,0.112928256,0.228005252,0.166766145,0.003251071,0.012314664,0.082064923,0.306044037,0.596325304,1.430516885,28.03727024,4.114689271,-1.097654084,34.40842521,10.89149681,42.58458582,10.73825503,10.54953134,0.058858967,0.061268751,0.268871619,0.257425146,0.07843846,0.080547021,0.055605759,0.058015543,0.044159287,0.036809446
ATHLONE_WESTMEATH,0.094464595,0.567576092,0.140514114,0.114072439,0.083372759,0.495137465,0.504862535,0.038429231,0.128202436,0.314048719,0.106572869,0.220600588,0.192146157,0.003614512,0.016626756,0.099263543,0.33483938,0.545655808,0.882890309,28.88037301,5.2330782,2.491953498,36.38428774,9.170891739,40.97077244,6.295355588,6.125897761,0.045681543,0.048783052,0.284340009,0.283236083,0.071702676,0.068811439,0.057772171,0.056300268,0.045366136,0.038006624
ATHY,0.126203161,0.556341496,0.145006044,0.103415857,0.069033442,0.495724583,0.504275417,0.051774178,0.139780919,0.360827638,0.149236963,0.180601067,0.117779234,0.004260633,0.017593477,0.099169911,0.314993021,0.563982957,0.512271874,24.4138086,5.794878724,-4.066555248,34.86610104,11.64882715,32.84559326,10.62017567,10.5245517,0.061019833,0.065183328,0.284684604,0.271656892,0.069749743,0.075256301,0.050588709,0.052827148,0.038232529,0.030800913
BAILIEBOROUGH-COOTEHILL,0.117493857,0.527272727,0.155921376,0.116658477,0.082653563,0.501081081,0.498918919,0.069867652,0.168154304,0.334667077,0.157073971,0.16682056,0.103416436,0.002786314,0.014464249,0.08494161,0.302233149,0.595574677,1.953587257,22.28744116,6.232291849,-3.883645688,37.7236827,14.32540908,30.28712566,7.553854875,8.176555716,0.057395577,0.06009828,0.263439803,0.263832924,0.075823096,0.08009828,0.057592138,0.059066339,0.044668305,0.037985258
BALBRIGGAN,0.139458759,0.596532167,0.121860314,0.089645114,0.052503646,0.481348242,0.518651758,0.035579107,0.089395086,0.335352006,0.138531416,0.21863602,0.182506366,0.00389975,0.016144967,0.088290349,0.318869592,0.572795341,0.164099963,24.9907805,7.365865348,0.798348926,34.63039826,7.999295216,42.82882565,9.285501932,8.907544701,0.066277751,0.073181008,0.315086696,0.281445471,0.061383892,0.060476422,0.046118943,0.043526171,0.029784476,0.02271917
BALLINA,0.10569737,0.491798505,0.160826944,0.136901873,0.104775308,0.492623508,0.507376492,0.062545521,0.164785142,0.380553532,0.11717043,0.16587764,0.109067735,0.003658779,0.017299662,0.10988268,0.33211374,0.537045138,0.024889008,19.11949342,8.23933181,-6.869621577,39.00533684,14.69082779,31.21727364,12.45062411,10.09719222,0.049839852,0.055857517,0.251577211,0.240221295,0.081141415,0.079685528,0.068766379,0.068135495,0.056051635,0.048723673
BALLINAMORE,0.105620044,0.476611884,0.169865533,0.148488679,0.09941386,0.499942535,0.500057465,0.066574522,0.151347616,0.321354527,0.161944252,0.183598249,0.115180834,0.002005731,0.016905444,0.10487106,0.323686724,0.552531041,0.267862645,9.01084069,2.840153237,-3.6251052,39.45215553,13.17548747,33.76044568,10.19061584,7.626353791,0.051488335,0.054131709,0.244339731,0.232272153,0.080220664,0.089644868,0.071830824,0.076657855,0.052177911,0.04723595
BALLINASLOE,0.102964845,0.489284202,0.158703939,0.136213469,0.112833545,0.494409149,0.505590851,0.050300802,0.176888369,0.334475267,0.132352941,0.184074198,0.121908422,0.00448682,0.015107964,0.101444195,0.327713124,0.551247897,0.350812336,31.36468643,8.544551332,-3.879013287,40.00669905,14.14230729,33.31946323,8.866995074,8.374546653,0.05167302,0.051291825,0.246929267,0.242354934,0.078610758,0.080093181,0.067259636,0.068953833,0.06111817,0.051715375
BALLYBAY-CLONES,0.120555982,0.513515401,0.149542502,0.127261298,0.089124817,0.509184885,0.490815115,0.072722047,0.192727795,0.30856568,0.139551595,0.179793044,0.106639839,0.002829561,0.01192854,0.09198846,0.30792277,0.58533067,1.175716722,10.22375005,3.444237109,-3.743118049,39.150969,15.79982891,29.90590248,7.41118824,6.581452271,0.058531815,0.062024167,0.252566879,0.260948523,0.071872599,0.077669903,0.061465391,0.065795907,0.046378431,0.042746385
BALLYFERMOT-DRIMNAGH,0.088115703,0.591100932,0.141978486,0.10492048,0.0738844,0.491533275,0.508466725,0.063180715,0.229236566,0.300624581,0.129458525,0.153254529,0.124245083,0.005930319,0.025179942,0.125923623,0.347019297,0.495946818,0.889064731,32.08322307,12.59848488,-7.849381018,31.60636699,19.148217,29.63664019,12.29544778,9.408947053,0.042590972,0.045524731,0.293144269,0.297956663,0.072571929,0.069406557,0.054197334,0.050723146,0.045962221,0.027922178
BALLYJAMESDUFF,0.127963176,0.538780207,0.146881473,0.106283084,0.08009206,0.500989643,0.499010357,0.056741681,0.155895364,0.335833814,0.170802077,0.169936526,0.110790537,0.002894678,0.013397165,0.091553477,0.315297261,0.576857419,0.932814831,19.99784145,4.685047386,-3.007354724,36.06862044,12.92377835,31.69862053,7.787870692,8.457123565,0.06269275,0.065270426,0.273233602,0.265546605,0.070471807,0.076409666,0.050955121,0.055327963,0.041657077,0.038434983
BALLYMAHON,0.113769045,0.563861598,0.138117614,0.108999003,0.075252741,0.500711946,0.499288054,0.059575174,0.150182542,0.321938268,0.150016595,0.182708264,0.135579157,0.004110789,0.016443157,0.104858818,0.33196307,0.542624166,0.649482766,11.19620953,5.382103141,-2.455211053,34.97935498,13.01214742,35.10397365,9.466472908,8.596134283,0.053823152,0.059945892,0.284422611,0.279438986,0.067848498,0.070269116,0.05332479,0.055674213,0.039869002,0.035383739
BALLYMOTE-TOBERCURRY,0.11410697,0.480350692,0.16649044,0.135650718,0.103401181,0.494096396,0.505903604,0.033215235,0.154118689,0.353587245,0.143312666,0.18680248,0.128963685,0.003112869,0.014172709,0.103859958,0.324104592,0.554749872,0.989953807,9.626615002,11.99167412,-2.338466809,39.52687265,11.44480519,34.82683983,8.774139379,7.255676209,0.055423385,0.058683584,0.245175786,0.235174905,0.083884043,0.082606397,0.066613799,0.06903692,0.054806591,0.04859459
BALLYMUN-FINGLAS,0.101909827,0.568392468,0.140869409,0.096119751,0.092708544,0.474853565,0.525146435,0.068578666,0.218311771,0.341671944,0.137745408,0.133945535,0.099746675,0.006714638,0.026063674,0.122411413,0.341630758,0.503179517,0.470077952,33.89237749,10.44428506,-11.10570323,32.66850191,18.75609972,25.82438707,14.29249441,10.95287036,0.049597163,0.052312664,0.295002132,0.273390336,0.073632712,0.067236697,0.050517292,0.04560246,0.056397136,0.036311407
BALTINGLASS,0.118387681,0.526766304,0.158378623,0.111956522,0.08451087,0.495153986,0.504846014,0.050577085,0.146194989,0.321385005,0.142066248,0.199305621,0.140471052,0.003775701,0.014056075,0.086504673,0.314504673,0.581158879,0.902627977,13.62194441,5.382570969,-1.413818476,36.56431654,11.80543827,35.50638969,7.781680627,8.034672445,0.057653986,0.060733696,0.270063406,0.256702899,0.079166667,0.079211957,0.055163043,0.056793478,0.042798913,0.041711957
BANDON-KINSALE,0.122738448,0.53681523,0.150381391,0.107262182,0.082802749,0.494736179,0.505263821,0.032589286,0.096875,0.274362245,0.143686224,0.252869898,0.199617347,0.002208639,0.011068879,0.072653963,0.301941548,0.612126971,0.268557503,16.97758939,12.16546785,6.135459364,36.68507193,8.126175894,46.37924823,4.609862082,5.597355221,0.059225872,0.063512576,0.273813276,0.263001954,0.073220702,0.077160688,0.052638215,0.054623968,0.046365757,0.036436992
BANTRY-WEST CORK,0.093904531,0.441467353,0.19103845,0.156423453,0.117166213,0.497779796,0.502220204,0.046902025,0.154847899,0.31305321,0.146708719,0.191575949,0.146912199,0.004108571,0.014292583,0.104069234,0.338563748,0.538965864,4.470947051,13.97163625,11.90430726,-0.379022086,39.80441115,12.18582929,36.18263381,6.519940427,6.778276848,0.044353618,0.049550913,0.223332324,0.218135029,0.097234837,0.093803613,0.075133717,0.081289737,0.062165708,0.055000505
BELMULLET,0.088393616,0.423174993,0.173009727,0.178298234,0.13712343,0.498536217,0.501463783,0.083029988,0.266770671,0.31183914,0.114231236,0.137978852,0.086150113,0.005621639,0.022079192,0.1480365,0.345934496,0.478328173,0.006895205,9.765061839,6.947045871,-10.42172813,42.55302373,22.64870932,26.64421998,12.81077348,8.590774439,0.044668996,0.04372462,0.213806781,0.209368212,0.086127113,0.086882614,0.085749363,0.092548871,0.071111531,0.066011899
BIRR,0.106497017,0.506058911,0.157485086,0.131991051,0.097967934,0.502843028,0.497156972,0.063569682,0.166259169,0.351419974,0.137577581,0.167951853,0.113221742,0.004180537,0.017496323,0.100719981,0.33889448,0.538708678,1.125006443,27.68336995,7.310240329,-4.993219911,37.96104281,13.99129837,30.91939547,9.88422576,9.02461258,0.048890753,0.057606264,0.253309098,0.252749814,0.076482103,0.081002983,0.067719985,0.064271066,0.050755034,0.047212901
BLACKROCK,0.091305795,0.519655338,0.153877445,0.112273954,0.122887467,0.47017492,0.52982508,0.009447629,0.02916168,0.172702652,0.052591799,0.334697991,0.401398249,0.002075829,0.009890714,0.068868673,0.270712498,0.648452286,0.579629534,35.2530677,11.83941044,10.77832433,35.65344224,2.818909225,73.12149361,5.562803938,5.088383838,0.042860841,0.048444954,0.268444214,0.251211124,0.084316408,0.069561037,0.06046374,0.051810214,0.073739876,0.049147591
BLANCHARDSTOWN-MULHUDDART,0.136427332,0.696316562,0.085679968,0.049713066,0.031863072,0.487888696,0.512111304,0.039661639,0.090415769,0.311627165,0.161679036,0.220892187,0.175724204,0.003433476,0.013962804,0.08,0.330071531,0.572532189,1.155453713,68.80978905,21.69083331,0.200666126,30.10094448,8.583464982,42.53291206,9.947316725,11.05944197,0.066662218,0.069765114,0.35806753,0.338249032,0.042372881,0.043307087,0.027025224,0.022687842,0.017983451,0.013879621
BORRIS-IN-OSSORY-MOUNTMELLICK,0.118837221,0.527693273,0.152542373,0.115843353,0.08508378,0.491960017,0.508039983,0.049807692,0.169038462,0.371730769,0.138846154,0.166730769,0.103846154,0.003380636,0.016392154,0.098981878,0.320059751,0.561185581,1.015214017,16.44641038,8.753510983,-3.713547351,36.7079994,13.47542925,30.1598579,7.765151515,8.619777895,0.059491043,0.059346178,0.26988266,0.257810614,0.075281279,0.077261094,0.056883481,0.058959873,0.046501521,0.038582259
BOYLE,0.10167763,0.474427617,0.167661007,0.148131151,0.108102595,0.497985824,0.502014176,0.05880545,0.146911177,0.342075607,0.145374449,0.177748182,0.129085135,0.004408492,0.018318781,0.114021572,0.338169834,0.525081322,3.104215705,9.533519795,9.870628082,-4.025164819,40.23176774,12.65838744,34.29994326,10.26955515,9.428923583,0.050277905,0.051399725,0.239355464,0.235072153,0.083065626,0.08459538,0.072255367,0.075875784,0.057059813,0.051042782
BRAY EAST,0.085236654,0.526141992,0.146326362,0.129334067,0.112960925,0.479980737,0.520019263,0.044406378,0.125708262,0.269996047,0.130056661,0.22124127,0.208591382,0.004691729,0.017203008,0.107969925,0.342015038,0.528120301,0.048108562,2.67501386,1.37640885,-0.533499245,36.50157942,11.14756929,44.50392885,10.71588367,8.021390374,0.039075399,0.046161255,0.270638415,0.255503577,0.076362135,0.069964227,0.070583379,0.058750688,0.063359934,0.049600991
BRAY WEST,0.112948023,0.536106335,0.168562359,0.10864965,0.073733633,0.470440418,0.529559582,0.032904884,0.099614396,0.291131105,0.126478149,0.238688946,0.211182519,0.003545903,0.012964707,0.085932739,0.300404455,0.597152197,0.848560911,13.76772907,6.146940447,2.47902589,33.41516924,8.50660066,46.40264026,7.92399434,7.995666306,0.057267557,0.055680466,0.28666843,0.249437905,0.086893268,0.081669091,0.057532072,0.051117577,0.041198254,0.032535379
BUNCRANA,0.131118979,0.519923565,0.150621031,0.111335919,0.087000506,0.495082336,0.504917664,0.073352627,0.210040071,0.276046305,0.127337489,0.182769368,0.130454141,0.00389015,0.015421664,0.106793868,0.313157042,0.560737276,0.171762544,25.64392159,2.069081079,-5.75458539,37.24025113,17.8854935,33.12258518,11.0453992,9.667738478,0.064744562,0.066374417,0.26257517,0.257348395,0.076322149,0.074298882,0.05597707,0.055358849,0.045298713,0.041701793
CABRA-GLASNEVIN,0.059317922,0.641180924,0.129641491,0.089675654,0.08018401,0.4990586,0.5009414,0.032882639,0.12143501,0.221128538,0.084261763,0.266594556,0.273697494,0.004145982,0.017984107,0.096030404,0.321786409,0.560053098,1.017133137,68.32356425,25.08039228,4.788368214,27.21925388,10.90973975,53.37360761,8.23872679,6.703283723,0.028261418,0.031056503,0.311593781,0.329587143,0.065859198,0.063782294,0.046662396,0.043013257,0.048564607,0.031619403
CAHIR,0.110719843,0.51273442,0.156907706,0.127999345,0.091638686,0.501678814,0.498321186,0.044934222,0.140269947,0.362890825,0.154109004,0.181616265,0.116179737,0.003450179,0.013593707,0.094465912,0.34308584,0.545404361,0.937217292,10.15499402,3.184318985,-0.969652323,37.90862416,11.18217454,32.13327832,6.824782188,6.292622443,0.055933175,0.054786668,0.254033249,0.258701171,0.078044386,0.07886332,0.060682991,0.067316354,0.049627385,0.042011301
CALLAN-THOMASTOWN,0.118676678,0.503003285,0.163162834,0.123510089,0.091647114,0.497090568,0.502909432,0.040472336,0.121321779,0.316922198,0.133987239,0.228644891,0.158651557,0.003421861,0.012443131,0.0848466,0.307189797,0.592098612,1.700787496,43.048344,8.207212352,-0.003978197,37.86635842,9.833314041,38.74869777,7.771871857,6.887578071,0.056733928,0.06194275,0.255983107,0.247020178,0.081041764,0.08212107,0.060253402,0.063256687,0.048897231,0.042749883
CAPPAMORE-KILMALLOCK,0.118948161,0.508594124,0.146750668,0.131856468,0.093850579,0.50445114,0.49554886,0.040366326,0.147798521,0.349982388,0.138569919,0.191475872,0.131806974,0.003668252,0.014558377,0.098555626,0.327190921,0.556026824,0.362988155,30.87168278,9.802762785,-0.485286361,38.34794521,11.29434648,33.87458243,6.385927505,6.339522546,0.05581045,0.063137711,0.254160104,0.25443402,0.071492159,0.075258509,0.064404574,0.067451893,0.049681572,0.044169006
CARLOW,0.106129543,0.585041665,0.132559685,0.098410102,0.077859005,0.491181432,0.508818568,0.034697218,0.131042008,0.310529187,0.164429896,0.207855974,0.151445717,0.004932503,0.021028037,0.111976462,0.342852198,0.5192108,1.051969786,7.660676308,3.527007929,-3.236965708,32.77177368,10.33614589,37.56804573,12.29093141,11.88411146,0.051837841,0.054291703,0.295639282,0.289402382,0.06645877,0.066100915,0.051531108,0.046878994,0.043351567,0.034507438
CARNDONAGH,0.12610013,0.485283509,0.148391286,0.139013129,0.101211946,0.491126822,0.508873178,0.082016761,0.245363374,0.27050419,0.124330265,0.164583047,0.113202363,0.003791856,0.016859176,0.107455373,0.329366468,0.542527126,0.006835226,9.800270062,3.873532639,-8.219002274,40.61795219,21.04565928,31.0430098,12.61109777,8.571428571,0.061102294,0.064997836,0.249458953,0.235824556,0.076035204,0.072356081,0.070119752,0.068893378,0.052156976,0.04905497
CARRICK-ON-SHANNON,0.107117617,0.526299849,0.142655225,0.128319031,0.095608279,0.489550732,0.510449268,0.047638604,0.118069815,0.311293634,0.149281314,0.209445585,0.164271047,0.002515934,0.018282456,0.110114056,0.322375042,0.546712513,2.130611459,7.949902488,2.507857486,-1.284190361,39.2116511,10.33290653,39.83354673,10.30534351,7.874293785,0.051590106,0.055527511,0.269459869,0.25683998,0.072387683,0.070267542,0.065219586,0.063099445,0.051792024,0.043816254
CARRICK-ON-SUIR,0.113040243,0.493024121,0.167979165,0.128170149,0.097786321,0.497922738,0.502077262,0.060373929,0.1661906,0.384056089,0.134121008,0.16294469,0.092313685,0.006011609,0.020263267,0.108675373,0.316956882,0.548092869,0.264243449,10.74786105,6.66271219,-5.762063129,37.06106681,13.34914321,27.36383109,9.800828239,8.925097276,0.054318844,0.058721399,0.251131643,0.241892478,0.082346376,0.08563279,0.059961555,0.068208594,0.054318844,0.043467477
CARRICKMACROSS-CASTLEBLAYNEY,0.119529827,0.549528172,0.137078528,0.109044755,0.084818719,0.498703162,0.501296838,0.076523382,0.150330657,0.319437884,0.146197449,0.195914029,0.111596599,0.003278394,0.014460861,0.093366866,0.313378542,0.575515337,2.338181366,19.47337691,4.304318066,-2.99988282,37.34287784,13.68526038,32.33596922,8.842003543,9.028340081,0.059378621,0.060151206,0.272391148,0.277137023,0.069201479,0.067877049,0.053804978,0.055239777,0.046520611,0.038298107
CARRIGALINE,0.123528634,0.566161883,0.148293876,0.100052903,0.061962703,0.485517789,0.514482211,0.018667715,0.065566254,0.299600445,0.124975437,0.262461518,0.22872863,0.002309651,0.009868507,0.065483846,0.289624944,0.632713052,0.416565738,32.65361043,15.47398018,7.420618337,34.8090433,5.332559297,49.59363078,5.289028706,5.551778835,0.059648195,0.063880439,0.294670017,0.271491866,0.074031213,0.074262664,0.051844994,0.048207909,0.034287793,0.027674911
CASHEL-TIPPERARY,0.107607001,0.514338936,0.156385375,0.12476174,0.096906949,0.494974874,0.505025126,0.049619671,0.146824695,0.387581815,0.132053777,0.174951353,0.108968689,0.003499531,0.017245111,0.103651057,0.33007432,0.545529981,0.186250972,22.92379328,8.819624566,-3.070077593,37.68399382,12.03272294,31.68273919,8.33557047,8.219623132,0.052200658,0.055406342,0.261566453,0.252772483,0.076546526,0.079838849,0.061427829,0.063333911,0.05328366,0.043623289
CASTLEBAR,0.103808929,0.513307836,0.16109897,0.129995317,0.091788948,0.487784889,0.512215111,0.044778444,0.123354879,0.331905615,0.127949537,0.214547154,0.157464372,0.002709938,0.016094385,0.094847814,0.328299018,0.558048845,4.013550926,26.50446334,9.698675481,0.096616519,37.22256858,10.66541521,39.56429383,8.866873065,6.833241303,0.051592257,0.052216672,0.263034655,0.250273181,0.082578832,0.078520137,0.064978145,0.065017171,0.050031221,0.041757727
CASTLECOMER,0.11237727,0.507198453,0.163249733,0.124027064,0.093147479,0.503891743,0.496108257,0.047915567,0.153562005,0.324960422,0.133192612,0.207598945,0.132770449,0.003514203,0.013429277,0.087394888,0.312973267,0.582688365,2.077147939,16.7109943,8.462825043,-0.829675817,37.42508949,11.86451212,34.07085146,6.990378833,6.602345819,0.052652999,0.059724271,0.25593936,0.251259093,0.080276746,0.082972987,0.05845246,0.065574604,0.048786692,0.044360788
CASTLEISLAND,0.107682793,0.501305662,0.160940077,0.137575591,0.092495877,0.494365036,0.505634964,0.04934257,0.169659268,0.336349498,0.145624205,0.18535275,0.113671709,0.003205862,0.011506755,0.089592398,0.32768491,0.568010076,0.575108798,19.23953605,6.783228992,-2.68720749,37.7918261,13.04091598,31.87405287,7.39414367,8.842849924,0.056899395,0.050783397,0.251030786,0.250274876,0.080195162,0.080744915,0.06768829,0.069887301,0.04982133,0.042674546
CASTLEKNOCK,0.102601745,0.588396814,0.131147541,0.111845146,0.066008754,0.485686322,0.514313678,0.025181898,0.070333867,0.257701636,0.09081996,0.276949275,0.279013365,0.002429775,0.01208075,0.0738697,0.299407317,0.612212458,0.38236319,35.71370527,16.11031337,5.478019792,34.57761564,6.541791836,56.15479767,7.384131972,7.363956322,0.050621211,0.051980534,0.296658783,0.291738031,0.07035859,0.060788951,0.059946171,0.051898975,0.036728924,0.02927983
CAVAN-BELTURBET,0.109843743,0.541011731,0.145314601,0.11814346,0.085686465,0.493949089,0.506050911,0.068925683,0.154793993,0.294570658,0.175683481,0.180785522,0.125240662,0.004211909,0.015688396,0.105220449,0.325244407,0.549634839,1.580723156,20.99446815,7.351558609,-5.087773898,37.33963293,14.0194245,34.41515353,11.74625802,11.95962994,0.054713219,0.055130523,0.272963324,0.268048407,0.072750035,0.072564566,0.059025363,0.059118097,0.046598971,0.039087495
CELBRIDGE,0.117036285,0.580046273,0.153828791,0.103662322,0.04542633,0.493030867,0.506969133,0.029726516,0.068100746,0.286239325,0.117717004,0.269592476,0.228623933,0.002188882,0.010123581,0.07793333,0.312690957,0.59706325,0.117083214,12.05444608,5.33825121,6.231365753,32.50286117,6.461055187,50.73177697,5.84131105,6.438631791,0.057558829,0.059477456,0.29230856,0.287737712,0.079115174,0.074713617,0.052480108,0.051182213,0.025506461,0.019919869
CLANE,0.126601231,0.577274996,0.143154217,0.094243886,0.05872567,0.493428714,0.506571286,0.044721345,0.129470001,0.330886746,0.135188188,0.205428011,0.15430571,0.002867456,0.013156563,0.083797187,0.316938232,0.583240563,0.218043778,4.816686658,6.18734546,0.501881737,34.06280038,10.69706499,37.86687631,6.56577693,7.928825623,0.062177674,0.064423557,0.298078523,0.279196473,0.070329396,0.072824821,0.046248544,0.047995342,0.029737149,0.028988521
CLAREMORRIS,0.106487619,0.510156952,0.1516914,0.126673224,0.104990805,0.495359877,0.504640123,0.04870185,0.144493467,0.370609197,0.12922111,0.180807738,0.126166638,0.003477505,0.014018692,0.100086938,0.346627545,0.535789321,0.216880998,22.77026565,10.05850484,-1.802086672,38.50218162,12.56969362,34.4134695,7.529134477,8.16064257,0.05191806,0.054569559,0.255655818,0.254501133,0.075054527,0.076636873,0.063764273,0.062908951,0.058247445,0.046743361
CLONDALKIN,0.111828815,0.610993341,0.124872185,0.094221513,0.058084146,0.488739806,0.511260194,0.04345301,0.136430834,0.354276663,0.159662091,0.174868004,0.131309398,0.004170001,0.016658944,0.097405333,0.334358283,0.547407439,2.728928662,38.84498805,18.35220595,-2.955325919,34.65146186,11.32683932,34.10685196,8.846939494,9.338365184,0.052821907,0.059006908,0.311644263,0.299349078,0.06516697,0.059705215,0.048881462,0.04534005,0.032745592,0.025338554
CLONMEL,0.106006542,0.520566954,0.156457528,0.12359996,0.093369016,0.48661909,0.51338091,0.037711183,0.13616251,0.352775543,0.147123894,0.188857603,0.137369268,0.004282377,0.017778355,0.106151051,0.34081668,0.530971537,2.411117907,27.20293025,3.814820634,-0.818986535,35.81970164,10.93058541,35.38374004,7.975556252,7.034287734,0.050054515,0.055952027,0.267766875,0.252800079,0.080434136,0.076023392,0.064476162,0.059123798,0.050649222,0.042719794
CLONTARF,0.077191681,0.553261605,0.151655355,0.114859999,0.103031361,0.477728552,0.522271448,0.019021739,0.086063133,0.226436867,0.083382966,0.291430911,0.293664384,0.00337689,0.013746146,0.084734253,0.289770225,0.608372486,0.731584338,55.05725491,19.78546798,7.336024065,33.92032586,7.390245818,57.44391214,6.082979418,5.379790941,0.037559198,0.039632483,0.282665154,0.270596451,0.079024901,0.072630453,0.060954584,0.053905415,0.062067611,0.04096375
COBH,0.123913799,0.58074383,0.133611401,0.096211331,0.065519639,0.493778241,0.506221759,0.02485578,0.087173278,0.324763194,0.139662417,0.233245495,0.190299836,0.003001584,0.01170062,0.07737417,0.296934493,0.610989133,0.406937896,20.58260823,15.02992288,4.912737493,35.09431934,6.852239066,43.87959575,5.730223124,5.919077921,0.060236357,0.063677442,0.297254084,0.283489746,0.065519639,0.068091762,0.048627042,0.047584289,0.034584637,0.030935002
CONAMARA NORTH,0.104132901,0.457725554,0.170380875,0.161669368,0.106091302,0.495070232,0.504929768,0.057651715,0.185356201,0.296437995,0.122295515,0.176912929,0.161345646,0.004231884,0.014782609,0.113333333,0.340289855,0.527362319,0.007701691,0.995677808,9.157882292,-2.770224099,39.26771174,15.44654088,38.56603774,10.07309274,8.504551365,0.052133982,0.05199892,0.236426256,0.221299298,0.085494327,0.084886548,0.07806591,0.083603458,0.052809292,0.05328201
CONAMARA SOUTH,0.110358799,0.500346537,0.164258677,0.131097724,0.093938263,0.488777523,0.511222477,0.050288541,0.130358615,0.236912613,0.104492993,0.221970322,0.255976917,0.003223756,0.013439884,0.093534326,0.293997457,0.595804577,0.069665873,23.04684599,14.7803639,1.894631181,37.57978154,11.91706322,49.00067981,9.281385281,7.674772036,0.054273071,0.056085728,0.259956283,0.240390254,0.082369249,0.081889428,0.065415578,0.065682145,0.049208296,0.044729967
CORCA DHUIBHNE,0.096507051,0.482617252,0.168907839,0.151771072,0.100196786,0.494178419,0.505821581,0.035234349,0.1273353,0.327597509,0.125860374,0.21468371,0.169288758,0.00229869,0.011493452,0.092992477,0.331429368,0.561786013,0.139886018,10.95632443,6.167379779,0.294512384,38.8551199,9.883431304,41.12782704,7.951930453,7.218363032,0.050098393,0.046408659,0.245982289,0.236634962,0.085355854,0.083551984,0.072236799,0.079534274,0.052148245,0.048048541
CORK CITY NORTH EAST,0.095458392,0.593399154,0.134950635,0.09932299,0.076868829,0.494894217,0.505105783,0.03766811,0.118589013,0.328755414,0.124230682,0.2072031,0.183553681,0.003837355,0.017341894,0.094999139,0.321526087,0.562295526,0.450263862,31.7929718,12.44583941,-0.028680683,31.0387702,9.90034662,40.0418833,9.133871099,8.565910188,0.048208745,0.047249647,0.29438646,0.299012694,0.069026798,0.065923836,0.050860367,0.048462623,0.042623413,0.034245416
CORK CITY NORTH WEST,0.091354093,0.571066289,0.144049304,0.112556027,0.080974286,0.489266336,0.510733664,0.048687292,0.189942068,0.327930482,0.118328608,0.168988044,0.146123505,0.006174324,0.021944244,0.120466148,0.329591319,0.521823965,0.462990264,42.53327714,14.17406345,-6.482776297,32.68330733,14.8928805,32.65894842,11.28815683,10.47418335,0.044939844,0.046414249,0.288953763,0.282112527,0.073484312,0.070564992,0.057236377,0.055319651,0.046119368,0.034854919
CORK CITY SOUTH CENTRAL,0.057796036,0.639582288,0.135066483,0.089343954,0.078211239,0.501724787,0.498275213,0.027899962,0.101420133,0.255938168,0.1056931,0.26341586,0.245632776,0.00355613,0.017107142,0.102265686,0.33379132,0.543279722,0.555634171,31.75093341,11.94251325,4.728319842,25.07073171,8.405832619,50.14499857,8.627284318,7.593539974,0.027753387,0.030042649,0.314067988,0.3255143,0.066984446,0.068082037,0.043433266,0.045910687,0.046036126,0.032175113
CORK CITY SOUTH EAST,0.095507625,0.557136969,0.157466685,0.100810551,0.08907817,0.478170078,0.521829922,0.018516634,0.057839048,0.258622444,0.095482755,0.291586123,0.277952996,0.002854557,0.012416162,0.08245724,0.293856901,0.608415141,0.688906021,42.8224194,16.17343147,7.035627496,33.34361233,5.108743746,56.12130288,6.209583817,6.126391316,0.046847094,0.04866053,0.286907542,0.270229427,0.082071713,0.075394972,0.05393598,0.046874571,0.052067592,0.037010578
CORK CITY SOUTH WEST,0.087239649,0.569350834,0.135407693,0.107991689,0.100010135,0.474611058,0.525388942,0.023284194,0.080884506,0.27252758,0.103338866,0.280142536,0.239822318,0.003335696,0.014009924,0.087290998,0.309135638,0.586227745,0.830323641,52.12890972,18.33621507,5.217830968,34.00309422,6.90905559,51.62689805,6.732062337,5.926307653,0.043961891,0.043277758,0.294227943,0.275122891,0.071631278,0.063776415,0.057796584,0.050195105,0.057771246,0.042238889
DONAGHMEDE,0.090112607,0.583756618,0.126958532,0.095514526,0.103657717,0.479319519,0.520680481,0.036177823,0.146704139,0.315074093,0.128461932,0.203117016,0.170464997,0.004818132,0.017055737,0.098873507,0.328628303,0.550624321,0.0983124,21.39522472,8.240086281,-1.006461791,34.41376381,11.89352652,38.36567859,8.416116983,7.686956522,0.045069741,0.045042866,0.300088688,0.28366793,0.065038028,0.061920503,0.051519794,0.043994732,0.058964229,0.044693488
DONEGAL,0.103787812,0.478621485,0.163798456,0.144371507,0.10942074,0.488822851,0.511177149,0.042312746,0.20087604,0.320367937,0.143583005,0.166710469,0.126149803,0.003237209,0.015293023,0.108167442,0.33812093,0.535181395,0.022377015,33.60250708,8.138243031,-4.403836601,39.47142243,15.03954925,32.72293856,9.452449568,8.493885073,0.049631864,0.054155948,0.24487714,0.233744345,0.086046305,0.077752151,0.071187794,0.073183713,0.059434046,0.049986694
DROGHEDA RURAL,0.149336138,0.577954516,0.129091626,0.085118969,0.058498751,0.483633495,0.516366505,0.041900224,0.11448991,0.326513453,0.151625561,0.210622197,0.154848655,0.003051026,0.013203577,0.086691215,0.302472383,0.594581799,0.13420748,19.98467073,8.485476255,0.70643713,34.03880071,9.638970461,38.87545345,8.329995995,8.052062652,0.072433285,0.076902853,0.306231103,0.271723413,0.062836861,0.066254765,0.042592349,0.04252662,0.032272907,0.026225845
DROGHEDA URBAN,0.100065717,0.556495071,0.14939759,0.104841183,0.089200438,0.485826944,0.514173056,0.06095909,0.191456696,0.317619435,0.146482435,0.164634697,0.118847647,0.004804526,0.023867643,0.122515402,0.342826146,0.505986284,0.012896883,5.263573774,1.919248541,-7.046150769,33.78070575,16.1916348,32.57444097,12.75885104,12.7142412,0.049945235,0.050120482,0.282935378,0.273559693,0.073910186,0.075487404,0.055158817,0.049682366,0.052223439,0.036976999
DUNDALK SOUTH,0.114193504,0.573988876,0.133763648,0.102932088,0.075121884,0.484515553,0.515484447,0.044449111,0.122217556,0.314643707,0.128587428,0.231415372,0.158686826,0.003863257,0.014619233,0.096220122,0.318232351,0.567065036,2.025793632,22.50178211,9.636801244,-2.52597251,35.61984553,10.51864287,40.97455381,12.53681111,11.04323308,0.056204079,0.057989425,0.29458216,0.279406716,0.070177848,0.0635858,0.053251391,0.049680698,0.041268969,0.033852915
DUNDALK-CARLINGFORD,0.115290669,0.531509526,0.146995603,0.114655594,0.091548608,0.484220811,0.515779189,0.069815195,0.162525667,0.325770021,0.135626283,0.183059548,0.123203285,0.004451102,0.020843141,0.10952279,0.322105714,0.543077252,0.810035685,32.42784135,8.066701564,-6.901675421,36.32147785,14.42779726,32.77653809,13.36526576,12.17470428,0.057498779,0.057791891,0.274694675,0.256814851,0.072447484,0.074548119,0.057596483,0.057059111,0.053541768,0.038006839
DUNDRUM,0.086256037,0.53222231,0.142546117,0.114836513,0.124139023,0.47846568,0.52153432,0.019807923,0.077164199,0.203081232,0.077030812,0.298185941,0.324729892,0.002930757,0.013140097,0.079355878,0.291884058,0.612689211,0.572223299,30.66258687,12.50756748,7.264625106,36.74084304,6.854287465,60.97675953,6.315659375,6.064763996,0.04283113,0.043424907,0.268466471,0.263755839,0.073786715,0.068759401,0.063138311,0.051698203,0.073311693,0.05082733
DUNGARVAN,0.111424224,0.513047399,0.156174266,0.124048921,0.095305191,0.488023446,0.511976554,0.041965645,0.133289846,0.301587302,0.152207002,0.210154381,0.160795825,0.003516669,0.014910677,0.096028508,0.320626436,0.56491771,0.037531351,17.36985808,6.270061596,-0.081648471,38.02552048,11.23658163,38.37306566,8.379888268,6.905210295,0.052133236,0.059290988,0.266189483,0.246857916,0.0796934,0.076480866,0.062841684,0.061207237,0.051118751,0.04418644
DÚN LAOGHAIRE,0.089495297,0.520439793,0.151145847,0.117393032,0.12152603,0.469227712,0.530772288,0.021962337,0.061466918,0.203416364,0.075555965,0.282563654,0.355034762,0.003282228,0.01312891,0.084016213,0.289893383,0.609679267,0.128860685,40.31119921,10.10184834,7.443780739,36.99332661,5.858768753,63.37299534,6.844497813,6.782305433,0.044085309,0.045409988,0.271347198,0.249092595,0.080911379,0.070234468,0.062418863,0.054974169,0.072009538,0.049516492
EDENDERRY,0.124528878,0.562952022,0.142609759,0.09931751,0.07059183,0.500458389,0.499541611,0.049567786,0.168180326,0.383958858,0.153299048,0.147499726,0.097494255,0.003852504,0.018627492,0.102154862,0.33338978,0.541975361,0.432131129,5.580551197,4.170538053,-4.78407011,34.59583929,12.98023612,27.93033723,8.797870767,9.477756286,0.059539574,0.064989304,0.283385963,0.279566059,0.070235306,0.072374452,0.047366813,0.051950698,0.039013955,0.031577875
ENNIS,0.110209551,0.552201586,0.147504373,0.10522202,0.084862471,0.476793092,0.523206908,0.030291726,0.097366261,0.323509662,0.129448631,0.230843841,0.188539879,0.004122665,0.016839501,0.100878445,0.327529889,0.550629499,5.779125537,32.33555751,9.919532367,1.141807846,35.2262017,8.229126587,43.56483263,9.224661373,8.346829451,0.054155656,0.056053895,0.288569621,0.263631965,0.076525105,0.070979268,0.05553281,0.04968921,0.048423717,0.036438754
ENNISCORTHY,0.10605279,0.531940504,0.154371937,0.118777405,0.088857364,0.490026653,0.509973347,0.066270252,0.180110307,0.345398139,0.149086522,0.160720441,0.09841434,0.004418639,0.017565001,0.109553024,0.325408998,0.543054338,3.294395966,23.78827073,6.449079023,-7.292994957,36.21818926,15.42653645,28.3332434,12.24785761,11.43833388,0.053434786,0.052618004,0.271257845,0.260682658,0.07909896,0.075272977,0.058077551,0.060699854,0.048104204,0.04075316
ENNISTIMON,0.096383066,0.4891766,0.172763392,0.140635704,0.101041239,0.484244417,0.515755583,0.035121681,0.12818031,0.325774336,0.125553097,0.207549779,0.177820796,0.003644979,0.013243424,0.09738169,0.348702995,0.537026912,0.86268237,5.230127145,7.192094563,0.348029308,38.16197651,10.21714681,40.23704473,7.994757536,7.705563762,0.048020277,0.048362789,0.25756953,0.231607069,0.085422661,0.087340732,0.071585149,0.069050555,0.053157967,0.047883272
FERMOY,0.118237191,0.539982411,0.141005179,0.112927918,0.087847301,0.494674441,0.505325559,0.040868114,0.138430718,0.337562604,0.148981636,0.198397329,0.135759599,0.003126085,0.013092153,0.085686804,0.322494456,0.575600502,0.093851048,49.46012669,7.038788438,0.194646349,37.2929241,11.04075003,35.77449731,6.579205013,7.550870311,0.058564868,0.059672323,0.275039901,0.26494251,0.067326797,0.073678382,0.056056806,0.056871112,0.048337188,0.039510114
FIRHOUSE-BOHERNABREENA,0.117880242,0.586897559,0.143473121,0.10042423,0.051324849,0.479171013,0.520828987,0.021123065,0.070650748,0.287129362,0.108239307,0.278995014,0.233862503,0.002372479,0.010979613,0.069795029,0.282987117,0.633865762,0.368055871,25.39837562,13.02545254,5.558233256,33.57596366,6.037719563,51.41772043,6.759602848,6.139302401,0.057723068,0.060157174,0.304228389,0.28266917,0.076535225,0.066937896,0.054489186,0.045935044,0.027853119,0.02347173
GALWAY CITY CENTRAL,0.054461913,0.64110996,0.117212487,0.106130907,0.081084734,0.484931754,0.515068246,0.0357241,0.093065861,0.229641843,0.104882294,0.280937987,0.255747916,0.003106085,0.017601147,0.105168844,0.351306148,0.522817776,0.119915364,26.9693456,10.23230357,3.918902153,24.50429221,8.879626121,55.05241885,11.07006369,8.855885589,0.025766926,0.028694986,0.324338934,0.316771026,0.061939727,0.05527276,0.056714266,0.04941664,0.046308392,0.034776341
GALWAY CITY EAST,0.095222709,0.651096238,0.113501039,0.07712901,0.063051004,0.489222248,0.510777752,0.034215924,0.081484244,0.28426254,0.139753869,0.252750326,0.207533097,0.004342283,0.016811409,0.103338379,0.355668871,0.519839057,0.865136674,19.62112101,7.194795466,2.460976519,28.38987576,7.795715811,47.76053772,10.17310587,8.938547486,0.046757443,0.048465267,0.326194323,0.324901916,0.058573736,0.054927302,0.041218555,0.035910455,0.038033695,0.025017309
GALWAY CITY WEST,0.099430996,0.595910888,0.134390973,0.093258752,0.07700839,0.457999807,0.542000193,0.016314598,0.038758959,0.21425877,0.093266692,0.289230479,0.348170502,0.002884303,0.014096523,0.080272993,0.304070523,0.598675658,0.028229636,16.47507764,6.716542169,7.648465393,31.94079195,3.741910681,65.06054975,7.792792793,8.299985179,0.050053043,0.049377954,0.320522712,0.275388176,0.073006076,0.061384897,0.051837207,0.041421545,0.046581155,0.030427235
GLENCULLEN-SANDYFORD,0.097342087,0.635993011,0.114470271,0.082172923,0.070021708,0.48019802,0.51980198,0.013835878,0.047471374,0.20610687,0.080677481,0.314837786,0.337070611,0.002019117,0.009773386,0.06437547,0.282654924,0.641177102,0.633578955,34.56882874,18.5040955,9.691895937,32.1363861,4.321070684,64.43271235,5.817856344,6.286034593,0.048260708,0.049081379,0.327103299,0.308889713,0.060173664,0.054296606,0.045057447,0.037115476,0.039206862,0.030814846
GLENTIES,0.097153883,0.444042451,0.179160637,0.148721659,0.13092137,0.489676797,0.510323203,0.067447842,0.245212918,0.295417738,0.114889969,0.155949319,0.121082214,0.00575461,0.019952115,0.134078212,0.319359852,0.520855211,0.092616126,29.50457152,9.879474768,-7.533917828,40.46596692,19.3742621,31.57615112,13.61356167,10.14662757,0.047322721,0.049831163,0.229184756,0.214857694,0.091654607,0.08750603,0.071972986,0.076748673,0.070188133,0.060733237
GOREY,0.121142198,0.55016688,0.143063167,0.107503399,0.078124356,0.484321562,0.515678438,0.049967127,0.133382643,0.343359632,0.151545036,0.19017094,0.131574622,0.003685092,0.016582915,0.096716918,0.313333333,0.569681742,3.905200469,30.71363525,4.310287421,-2.566908265,36.03403982,11.42813236,34.95543489,9.906730527,9.456440804,0.057810375,0.063331822,0.285631876,0.264535004,0.073962668,0.069100499,0.054225555,0.053277844,0.044047962,0.034076394
GORT-KINVARA,0.122987766,0.547179157,0.150725643,0.105205805,0.07390163,0.493238892,0.506761108,0.032566135,0.096743386,0.264349155,0.107535097,0.252888931,0.245917295,0.002596981,0.009008278,0.077016718,0.30064113,0.610736893,0.68992803,14.18460698,6.08802463,6.493976898,36.82444162,8.495419752,50.44547622,5.398269033,5.118436309,0.058398138,0.064589628,0.280945069,0.266234088,0.076081034,0.074644608,0.051661796,0.053544009,0.039675071,0.034226559
GRAIGUECULLEN-PORTARLINGTON,0.132041441,0.568558366,0.140010906,0.095381905,0.064007382,0.494903737,0.505096263,0.0447604,0.12067755,0.339301387,0.149201334,0.205020186,0.141039143,0.003047528,0.014381592,0.088104369,0.314991097,0.579475414,2.167393406,22.16814637,7.746054732,-0.241128058,34.91986244,10.11917543,36.26261542,7.918105575,7.464490783,0.063839604,0.068201837,0.291934063,0.276624303,0.068453504,0.071557401,0.047229563,0.048152343,0.033639529,0.030367854
GRANARD,0.115054,0.510910293,0.151752259,0.129380648,0.092902799,0.507053119,0.492946881,0.063911472,0.176377597,0.341011743,0.152439024,0.161472448,0.104787715,0.003607103,0.015445801,0.099426563,0.314742878,0.566777654,0.63038622,5.051324592,2.72088281,-5.082549797,38.31304348,14.89987397,29.98179527,8.539765319,7.890222985,0.058078025,0.056975975,0.251708177,0.259202116,0.071633238,0.080119021,0.061824994,0.067555654,0.049702447,0.043200353
GREYSTONES,0.12310678,0.559633802,0.138379108,0.100535797,0.078344513,0.475340674,0.524659326,0.018484288,0.062444748,0.23981355,0.106164108,0.291891023,0.281202282,0.002816805,0.012160352,0.06890866,0.274260589,0.641853595,2.457584123,23.79229587,6.653529977,7.914594158,36.9106598,5.37496664,57.87029624,5.698192298,6.038439472,0.060372105,0.062734675,0.293169641,0.266464161,0.073070919,0.065308189,0.053368772,0.047167025,0.044677889,0.033666624
HOWTH-MALAHIDE,0.102774998,0.541861523,0.140151033,0.112728596,0.10248385,0.479847148,0.520152852,0.016849792,0.064116307,0.275525928,0.0928581,0.282225647,0.268424226,0.002268191,0.010841952,0.073413779,0.292551261,0.620924817,1.321089788,62.37376312,25.09704784,6.393496613,37.96740995,5.477744538,55.59559423,6.288881348,6.746645229,0.049968156,0.052806842,0.280192885,0.261668638,0.073605677,0.066545355,0.060867983,0.051860613,0.055518151,0.046965699
KANTURK,0.102138556,0.505097444,0.154677794,0.138223719,0.099862488,0.499170184,0.500829816,0.053275109,0.163609898,0.340805434,0.153032508,0.181174187,0.108102863,0.003454574,0.013977128,0.091367535,0.328502224,0.562698539,0.035325043,30.26225801,8.902769708,-2.095196699,38.94720999,13.06330002,31.01291718,6.639722864,6.816520468,0.050452843,0.051685713,0.251695197,0.253402248,0.075157665,0.079520129,0.070842619,0.067381099,0.052681493,0.047180995
KELLS,0.115637951,0.523201599,0.160820012,0.115563943,0.084776495,0.498593843,0.501406157,0.05233296,0.145427398,0.353415454,0.14087346,0.18245614,0.125494588,0.003209262,0.013766834,0.09108905,0.318166822,0.573768033,1.549370166,19.1912729,7.838706425,-2.827283453,36.66232827,12.02014702,32.68445412,7.878264623,8.757138972,0.056912374,0.058725577,0.264838662,0.258362937,0.077634695,0.083185317,0.055987271,0.059576673,0.046033156,0.038743339
KENMARE,0.098254744,0.474494145,0.167481717,0.151240522,0.108528871,0.492395352,0.507604648,0.0485623,0.152259242,0.323505249,0.14167047,0.18804199,0.145960749,0.002822129,0.012834886,0.096648239,0.335137434,0.552557312,0.033608605,8.646350415,8.274407191,-1.042533217,38.86454843,12.16814159,37.14048673,8.209722426,8.893380495,0.04858899,0.049665754,0.243573063,0.230921082,0.083090314,0.084391404,0.074924851,0.076315671,0.057427431,0.05110144
KILDARE,0.121731564,0.600826626,0.12281923,0.092277572,0.062345008,0.488274962,0.511725038,0.049972643,0.136786431,0.356739011,0.140798833,0.182017144,0.133685938,0.003832104,0.013788411,0.09100351,0.318888332,0.572487644,0.301145719,29.77566201,5.620723578,-1.872584814,34.45680298,11.53153153,34.14977477,8.506354599,8.734984428,0.05973461,0.061996955,0.309332173,0.291494453,0.061344355,0.061474875,0.048292365,0.043985208,0.033021536,0.029323472
KILKENNY,0.102125868,0.555588297,0.14771627,0.11075563,0.083813934,0.479225426,0.520774574,0.037827433,0.103690685,0.296593857,0.128964767,0.242530756,0.190392501,0.003732816,0.016366965,0.096945551,0.324683249,0.558271419,1.193390754,32.59148451,3.665667349,-0.349863859,34.89023033,9.110009697,44.33250727,10.95799655,8.530670471,0.049757946,0.052367923,0.286381814,0.269206483,0.079393812,0.068322458,0.055946117,0.054809514,0.049294885,0.034519049
KILLALOE,0.125556952,0.510682052,0.165543242,0.116302982,0.081914772,0.498571918,0.501428082,0.031592752,0.108130663,0.307105389,0.126490224,0.235693848,0.190987124,0.003007971,0.011931619,0.082217877,0.309470096,0.593372437,1.074895201,12.12042048,5.122462829,2.876950487,36.06145124,8.646893906,44.28213074,7.109087725,6.573146293,0.060093682,0.06546327,0.261396093,0.249285959,0.081457786,0.084085456,0.055980807,0.060322175,0.042499714,0.039415058
KILLARNEY,0.104575426,0.546759408,0.15020907,0.113179479,0.085276616,0.49292377,0.50707623,0.03619947,0.121272366,0.329937044,0.150016567,0.21222664,0.150347913,0.002834893,0.011954368,0.084841861,0.331784958,0.56858392,0.039664454,25.2338687,7.95591826,1.712054091,34.86456926,9.751718477,39.6634862,7.097156398,7.794294898,0.048608877,0.055966549,0.276334834,0.270424574,0.077516886,0.072692184,0.057856224,0.055323255,0.046759408,0.038517208
KILLINEY-SHANKILL,0.09889062,0.530563591,0.151149115,0.11554722,0.103849455,0.473632347,0.526367653,0.026258457,0.097351221,0.265336544,0.098039216,0.258915262,0.254099301,0.00356966,0.013366685,0.084499336,0.304671826,0.593892493,0.411235616,44.34335758,15.74921445,3.33487735,35.61445416,8.249158249,51.87098255,7.926221336,7.089349691,0.049461203,0.049429416,0.273784926,0.256778664,0.081916145,0.06923297,0.062112591,0.053434629,0.059092787,0.044756667
KILMUCKRIDGE,0.117735953,0.513806842,0.169116637,0.119521912,0.079818656,0.490451985,0.509548015,0.055212196,0.151215492,0.347617086,0.14311221,0.189809092,0.113033924,0.003294519,0.01499574,0.098040329,0.313717694,0.569951718,0.872504335,6.10233722,3.472340139,-1.831526474,36.57263982,12.50207952,32.68175012,7.453547297,7.223072996,0.057974997,0.059760956,0.266245363,0.247561478,0.085657371,0.083459266,0.058593213,0.060928699,0.041077071,0.038741585
KILRUSH,0.109404458,0.456970167,0.174337363,0.150493512,0.108794499,0.495508484,0.504491516,0.048625561,0.170956084,0.35286387,0.145548133,0.16778009,0.114226262,0.003479897,0.016647073,0.108958382,0.34987068,0.521043969,1.192606796,17.50260046,8.968031069,-4.622781698,39.6518462,13.5016835,31.26599327,9.869479707,7.835901888,0.056060774,0.053343684,0.231618055,0.225352113,0.087834091,0.086503272,0.071697904,0.078795608,0.057280692,0.051513807
KIMMAGE-RATHMINES,0.067757342,0.626013617,0.128442231,0.09883142,0.078955391,0.477248247,0.522751753,0.029850746,0.10401007,0.182197447,0.072828628,0.289875922,0.321237188,0.00390838,0.016415197,0.094528268,0.305217233,0.579930922,0.821412054,59.62973255,23.39694711,6.660149794,28.30501104,9.624783429,59.81226242,7.98835151,6.375635747,0.035321614,0.032435728,0.321369779,0.304643837,0.065948582,0.062493649,0.053023067,0.045808353,0.04708871,0.03186668
KINNEGAD,0.125408764,0.53913233,0.155384783,0.102844997,0.077229126,0.499236974,0.500763026,0.053833605,0.139827546,0.351316709,0.149382428,0.182941039,0.122698672,0.003021012,0.01487961,0.094598251,0.323789341,0.563711786,0.113228974,15.1581073,5.313659755,-1.719925241,34.9195481,11.44943511,33.425186,7.517956903,8.890668803,0.058589492,0.066819272,0.272182254,0.266950076,0.076793111,0.078591672,0.050087203,0.052757794,0.043110966,0.03411816
LAYTOWN-BETTYSTOWN,0.132922761,0.59629202,0.12532076,0.084263536,0.061200924,0.488869643,0.511130357,0.034964096,0.114757399,0.327159251,0.134957385,0.217300852,0.170861016,0.003006939,0.01308147,0.079131329,0.314957594,0.589822668,0.695549212,37.28619115,11.6083703,1.77420783,34.62616822,9.317963497,41.40667418,7.941040995,8.160351455,0.064793431,0.06812933,0.307448037,0.288843983,0.062099051,0.063221709,0.043430844,0.040832692,0.033358994,0.02784193
LEIXLIP,0.098182641,0.554106025,0.132342961,0.143578916,0.071789458,0.492345977,0.507654023,0.021610719,0.083561446,0.288575133,0.116121596,0.27243913,0.217691975,0.002787586,0.013132627,0.082326705,0.307253918,0.594499164,0.057843109,8.86760155,3.669272274,4.85027184,36.31751716,6.793857608,49.1763611,6.454465075,6.117707796,0.049543775,0.048638866,0.273885831,0.280220195,0.073373049,0.058969912,0.074504185,0.06907473,0.036347183,0.035442274
LETTERKENNY,0.119052407,0.584281865,0.135462334,0.092587379,0.068616016,0.488919278,0.511080722,0.047439396,0.137582276,0.293466046,0.111334083,0.224995987,0.185182212,0.004606021,0.016713275,0.098733344,0.316992926,0.562954433,3.093865414,26.8521132,6.231037832,-0.813279168,34.4325296,12.15076436,43.42119135,11.42333537,9.244154432,0.057997828,0.061054579,0.298234324,0.286047541,0.070546595,0.064915738,0.046494791,0.046092587,0.037807183,0.030808832
LIFFORD-STRANORLAR,0.116990982,0.523398196,0.148410062,0.121831989,0.089368771,0.49383009,0.50616991,0.088974148,0.223805609,0.315885631,0.124965744,0.154471545,0.091897323,0.005356103,0.019444984,0.119153891,0.333203959,0.522841063,0.56579925,14.68608914,3.343935861,-9.859007753,37.63913189,20.0538831,27.42181094,13.44151868,10.71364372,0.054342667,0.062648315,0.268723303,0.254674893,0.07470337,0.073706692,0.061082107,0.060749881,0.047318462,0.042050308
LIMERICK CITY EAST,0.103743917,0.587308418,0.131881227,0.102717733,0.074348704,0.494024959,0.505975041,0.039903014,0.118877728,0.289573952,0.106546588,0.247038448,0.19806027,0.0039295,0.01750939,0.095377059,0.322536839,0.560647212,1.431353988,32.52368808,21.43387455,0.769836736,31.77313192,10.43668321,44.42876007,10.61187399,7.92920354,0.049223741,0.054520176,0.294647291,0.292661127,0.066370949,0.065510278,0.053692608,0.049025125,0.042040452,0.032308253
LIMERICK CITY NORTH,0.090855457,0.550026028,0.145340968,0.11657123,0.097206316,0.478917231,0.521082769,0.040204575,0.162665151,0.343514704,0.124378463,0.186532178,0.14270493,0.005574314,0.024590686,0.124291266,0.354271517,0.491272218,0.653492771,14.90238092,10.51113177,-7.420368914,33.88484265,13.13828319,34.68120342,13.51716376,11.82112767,0.047162936,0.043692521,0.280652438,0.26937359,0.075863266,0.069477703,0.060281104,0.056290127,0.057123026,0.04008329
LIMERICK CITY WEST,0.09095091,0.625057501,0.126503253,0.091246632,0.066241703,0.496977065,0.503022935,0.030011167,0.093383585,0.271705751,0.119905081,0.273659966,0.21133445,0.00404786,0.018632061,0.096315257,0.327579023,0.553425799,0.998930693,19.04188177,14.61328506,3.571398525,30.91529984,8.150094501,49.33849629,9.40815187,8.35335226,0.044555431,0.046395479,0.311198002,0.313859499,0.062693041,0.063810212,0.046395479,0.044851153,0.038180982,0.028060722
LISMORE,0.108778418,0.488523877,0.172848907,0.12585663,0.103992168,0.498531491,0.501468509,0.044075305,0.167663344,0.333111849,0.158582503,0.178294574,0.118272425,0.003712087,0.012041648,0.089361702,0.332820281,0.562064282,0.064545556,1.931304986,7.119836828,-1.426204518,37.8584583,12.69925611,33.19606801,7.068403909,6.542845082,0.052322419,0.056455999,0.247470902,0.241052975,0.082889155,0.089959752,0.063091483,0.062765147,0.05569455,0.048297618
LISTOWEL,0.101798411,0.473316604,0.163989962,0.148138854,0.112756169,0.495650355,0.504349645,0.051716793,0.175939337,0.354264292,0.138536253,0.166567266,0.112976059,0.003347192,0.016031287,0.103692481,0.3451131,0.53181594,0.888241741,32.59747448,9.581785223,-4.880470381,39.69609015,13.4386159,31.33832923,9.770824756,8.342004856,0.050230029,0.051568381,0.238895859,0.234420744,0.082475951,0.081514011,0.071392723,0.076746131,0.061355082,0.051401087
LONGFORD,0.119914662,0.540719488,0.138747885,0.111675127,0.088942838,0.484808357,0.515191643,0.069086278,0.159184973,0.337312958,0.172397326,0.158070678,0.103947787,0.005760145,0.023428904,0.122775225,0.344379005,0.503656721,2.70257927,32.89255063,11.60316993,-8.463907037,36.8457499,14.58799593,31.58697864,15.10059172,13.25921909,0.058559553,0.061355109,0.279334952,0.261384536,0.07025675,0.068491135,0.056499669,0.055175458,0.050540719,0.038402119
LOUGHREA,0.112964254,0.525191676,0.150303694,0.116150553,0.095389824,0.492382754,0.507617246,0.035862478,0.1455246,0.333926102,0.1287295,0.204603833,0.151353487,0.002707656,0.012663501,0.096809131,0.320669833,0.567149879,0.200818011,18.40570763,7.486565772,1.067669087,37.41862107,11.4299944,38.18713814,6.934749621,6.792519407,0.055262372,0.057701882,0.269640546,0.25555113,0.074031664,0.07627203,0.057950812,0.058199741,0.050731853,0.044657971
LUCAN,0.137043189,0.653559563,0.112743237,0.060963455,0.035690555,0.489772188,0.510227812,0.025777822,0.060829677,0.280165536,0.119664938,0.276625449,0.236936578,0.00219269,0.011058783,0.066181097,0.310828074,0.609739356,0.220529097,16.13967374,8.22474343,6.644940246,30.67132742,5.744427542,52.17276275,6.166409465,7.504160938,0.067536782,0.069506407,0.334765069,0.318794495,0.055434267,0.05730897,0.032629331,0.028334124,0.019862364,0.015828192
MACROOM,0.115300335,0.534061614,0.154840165,0.115558134,0.080239753,0.501417891,0.498582109,0.029450176,0.099777981,0.297766749,0.139480214,0.24768186,0.185843019,0.001918639,0.00881537,0.067256086,0.291529467,0.630480438,0.443250541,49.45361441,13.22023966,4.99116187,36.88859889,7.853486249,42.56914957,4.577040675,5,0.056232276,0.059068059,0.266821346,0.267240268,0.074407064,0.080433101,0.057005672,0.058552462,0.044115751,0.036124001
MALLOW,0.122994652,0.544117647,0.13936153,0.107235456,0.086290715,0.490439151,0.509560849,0.035855207,0.120518099,0.332475553,0.156544862,0.206296106,0.148310173,0.00243155,0.013023783,0.09080008,0.315735128,0.57800946,0.067263369,21.26726639,10.82980447,0.32458658,36.83625861,9.456375143,37.1719058,7.087207841,7.466904656,0.059633771,0.063360882,0.279209204,0.264908443,0.067857722,0.071503808,0.053030303,0.054205153,0.049829849,0.036460865
MANORHAMILTON,0.112834679,0.490862728,0.162770931,0.132065448,0.101466213,0.496600085,0.503399915,0.065269073,0.14026367,0.299546142,0.141128161,0.19667171,0.157121245,0.002307419,0.016684416,0.108803692,0.329783458,0.542421015,0.287391161,9.093776694,3.334945331,-2.490381355,38.40492897,12.54286468,38.36718544,10.220234,8.869356772,0.053442414,0.059392265,0.251062473,0.239800255,0.080854229,0.081916702,0.064173396,0.067892053,0.053867403,0.04759881
MAYNOOTH,0.11971697,0.631985392,0.118005098,0.077528817,0.052763724,0.504355765,0.495644235,0.019387833,0.064880543,0.234867567,0.095717884,0.292878406,0.292267766,0.001789234,0.009704321,0.06777862,0.286004549,0.634723275,0.165795034,24.60523012,11.38983294,8.788185231,31.75103687,5.68749678,58.37926949,5.440468717,5.870769231,0.0517366,0.067980371,0.316734508,0.315250884,0.0583178,0.059687298,0.04020999,0.037318827,0.028645338,0.024118386
MIDLETON,0.125006432,0.559557499,0.136197582,0.101903782,0.077334705,0.48649344,0.51350656,0.032401457,0.104327335,0.318926735,0.153384747,0.220062125,0.170897601,0.003138209,0.011677554,0.083642885,0.312881602,0.58865975,0.084656744,36.65644635,15.16859912,2.687690305,36.05442177,8.515961173,40.92865006,6.779261587,6.55543399,0.061487008,0.063519424,0.290944173,0.268613326,0.066838179,0.069359403,0.050990481,0.050913301,0.04324672,0.034087986
MILFORD,0.110652211,0.494062984,0.155480984,0.132163139,0.107640681,0.494407159,0.505592841,0.056183511,0.192154255,0.295212766,0.120844415,0.188663564,0.146941489,0.003561047,0.013081395,0.096875,0.328488372,0.557994186,0.672488691,8.95674099,5.711974507,-3.908145461,39.01549053,15.6899811,35.6857803,11.14542392,7.595345831,0.053605231,0.05704698,0.252280158,0.241782826,0.078557907,0.076923077,0.065909482,0.066253657,0.055240062,0.05240062
MOATE,0.115534884,0.51944186,0.156899225,0.120124031,0.088,0.495565891,0.504434109,0.048355899,0.14210187,0.336041264,0.127659574,0.201805287,0.144036106,0.003203109,0.012549884,0.089371981,0.316950221,0.577924806,2.336212901,8.945572358,6.483101097,-0.627076617,36.97326466,11.66390271,36.83171444,7.757009346,7.580174927,0.056496124,0.05903876,0.26703876,0.252403101,0.076651163,0.080248062,0.056868217,0.063255814,0.047379845,0.040620155
MONAGHAN,0.113813601,0.520477723,0.159240879,0.119757867,0.086709931,0.491083601,0.508916399,0.071000565,0.157377049,0.315771622,0.151950254,0.186433013,0.117467496,0.002773057,0.012255121,0.091287235,0.321316755,0.572367833,0.616860528,26.37133954,5.48695174,-3.412101574,37.40063253,14.2303628,32.94117647,8.143908422,8.314350797,0.055679773,0.058133828,0.26225664,0.258221083,0.082347167,0.076893712,0.05971533,0.060042537,0.048917489,0.037792442
MUINEBEAG,0.107145563,0.519057362,0.158445101,0.124801091,0.090550883,0.500644086,0.499355914,0.033328237,0.179024614,0.315242318,0.149059777,0.192478214,0.13086684,0.002802691,0.013702043,0.09653712,0.311410065,0.575548082,1.910612378,11.84644231,4.511358723,-2.299309493,36.760181,12.73727648,33.68179734,7.897689028,6.931851419,0.051905736,0.055239827,0.258467834,0.260589528,0.081079033,0.077366068,0.060392513,0.064408578,0.047510798,0.043040085
MULLINGAR,0.109548245,0.572161642,0.137175845,0.103729497,0.07738477,0.480436177,0.519563823,0.047351149,0.112611346,0.324988279,0.141397093,0.212283169,0.161368964,0.002620222,0.014912145,0.095638101,0.326525894,0.560303637,0.027137967,27.55853093,10.17766744,-2.064259942,35.8203125,10.28950543,40.40410133,11.52882206,10.17692187,0.053514157,0.056034088,0.29501512,0.277146522,0.071657656,0.065518189,0.055621736,0.048107761,0.043755154,0.033629616
NAAS,0.109434387,0.606069991,0.136631099,0.088459698,0.059404826,0.487401109,0.512598891,0.022256081,0.064918104,0.26984818,0.1116069,0.286336181,0.245034554,0.002457224,0.010888433,0.07060574,0.299600983,0.616447621,3.323627507,30.2854208,13.80646364,7.398992058,33.01167112,5.742347122,52.96795469,6.074143742,6.243778844,0.05501281,0.054421577,0.309130325,0.296939666,0.068385934,0.068245165,0.046538472,0.041921225,0.033531349,0.025873476
NAVAN,0.130943672,0.607102481,0.12176631,0.081731728,0.058455809,0.489193323,0.510806677,0.04523709,0.112002251,0.35232869,0.154847334,0.190938511,0.144646124,0.00393311,0.013752508,0.086234114,0.323157191,0.572923077,2.142904148,27.80958901,6.043783133,-1.301782724,33.70234641,9.992399517,37.01882237,9.603241919,9.853890588,0.06530558,0.065638093,0.30937022,0.29773226,0.060716898,0.061049411,0.043259959,0.03847177,0.03215402,0.026301789
NENAGH,0.107432652,0.520610191,0.153900249,0.119712215,0.098344693,0.489884237,0.510115763,0.041380052,0.134673259,0.341680997,0.147463457,0.19239037,0.142411866,0.003912926,0.015561752,0.10079158,0.331969056,0.547764685,2.773251866,19.22757594,7.31922485,-0.573880043,37.51391625,11.19464188,36.34499727,8.002004678,7.043902439,0.053878611,0.053554041,0.265930975,0.254679217,0.078275452,0.075624797,0.05863897,0.061073245,0.053391756,0.044952937
NEW ROSS,0.11193654,0.513892386,0.15625787,0.124276001,0.093637203,0.494921514,0.505078486,0.05347548,0.170916844,0.342089552,0.1508742,0.177057569,0.105586354,0.003093581,0.016311608,0.100857766,0.320466849,0.559270196,0.471459956,16.3166319,6.454975008,-5.234183589,37.10679223,13.81174865,30.74702084,10.55649681,10.6991359,0.054814069,0.057122471,0.262486359,0.251406027,0.078107949,0.07814992,0.061235625,0.063040376,0.048434483,0.04520272
NEWBRIDGE,0.128117875,0.584033756,0.136046551,0.08786198,0.063939837,0.488072957,0.511927043,0.035957713,0.103491445,0.333147865,0.134789261,0.212129643,0.180484073,0.002902029,0.014789184,0.08449368,0.307782459,0.590032648,1.172280194,27.68723532,8.664079601,1.464286264,33.06206308,8.822105865,41.07449289,7.714484541,8.325635104,0.062680777,0.065437098,0.298227107,0.285806649,0.070303195,0.065743356,0.045598394,0.042263586,0.035117569,0.028822268
NEWCASTLE WEST,0.100232899,0.506340033,0.156387475,0.134563961,0.102475632,0.50250151,0.49749849,0.049793624,0.185825942,0.341090717,0.141389304,0.174321595,0.107578818,0.002787905,0.013224677,0.098041318,0.344806634,0.541139467,0.047406127,35.06890826,9.683023282,-2.881808223,38.60090242,14.12030946,31.07204884,7.320313538,7.421550722,0.047528681,0.052704218,0.253126887,0.253213146,0.076899853,0.079487622,0.064133529,0.070430432,0.05580954,0.046666092
NEWPORT,0.127577694,0.525704328,0.154371188,0.111675864,0.080670927,0.497386001,0.502613999,0.034730539,0.106437126,0.312724551,0.121257485,0.231437126,0.193413174,0.003826378,0.014827215,0.084479254,0.293973455,0.602893698,1.490968431,14.98363005,6.980779249,3.695908059,36.56490728,8.671264368,43.36551724,5.938864629,5.327126972,0.062372931,0.065204763,0.266918385,0.258785942,0.075007261,0.079363927,0.055329654,0.05634621,0.042985768,0.037685158
NORTH INNER CITY,0.059059245,0.766654268,0.090896794,0.054341945,0.029047748,0.525666171,0.474333829,0.046147349,0.107382808,0.209889815,0.091334895,0.258647829,0.286597305,0.004676554,0.02116277,0.098262215,0.348885452,0.527013011,0.77793264,53.13638366,20.16261653,3.563823198,19.23221074,10.79497908,55.130247,11.68785032,10.45901002,0.029098472,0.029960774,0.360594481,0.406059786,0.04238807,0.048508724,0.026224131,0.028117814,0.016028676,0.013019072
ONGAR,0.140250611,0.670507335,0.109596577,0.061124694,0.018520782,0.488600244,0.511399756,0.029462145,0.075231244,0.334361083,0.144227475,0.226652963,0.190065091,0.002334592,0.01090304,0.073018081,0.324930459,0.588813829,0.089413604,10.57330431,4.55332324,3.057424933,30.58649357,6.761959552,44.26693809,7.290991575,8.837252706,0.067665037,0.072585575,0.344193154,0.326314181,0.05559291,0.054003667,0.032793399,0.028331296,0.011155257,0.007365526
PALMERSTOWN-FONTHILL,0.1130949,0.532609314,0.156365497,0.126855063,0.071075226,0.476260875,0.523739125,0.083856963,0.228607335,0.349480178,0.134925169,0.114932023,0.088198332,0.00595002,0.024444665,0.114587465,0.341580722,0.513437128,0.330870218,15.3987751,7.25636581,-12.57495463,34.12519194,19.87645349,23.40116279,12.96494993,11.8365712,0.056064138,0.057030761,0.276454199,0.256155115,0.082333542,0.074031955,0.06902826,0.057826804,0.039858987,0.031216239
PEMBROKE,0.061303907,0.632603017,0.117357002,0.094727864,0.094008209,0.475824937,0.524175063,0.009735489,0.025624541,0.114391991,0.041100294,0.360442689,0.448704996,0.002817598,0.010776075,0.065200198,0.270711814,0.650494315,1.097152924,54.56628265,20.70511767,12.39254668,28.95341962,2.680405194,80.00487346,5.799453995,5.227485198,0.030038915,0.031264993,0.324857402,0.307745615,0.062556639,0.054800362,0.050215896,0.044511968,0.05650621,0.037501999
PILTOWN,0.117240611,0.540566143,0.142705895,0.10843642,0.091050931,0.497269587,0.502730413,0.042121142,0.116384312,0.341262474,0.149338594,0.21362265,0.137270828,0.003364554,0.011230336,0.0869328,0.310130035,0.588342275,0.934432054,19.6836251,7.553468457,-0.517586945,36.55480592,9.408361457,35.39499966,8.052805281,6.946983547,0.054719715,0.062520896,0.27270701,0.267859133,0.069820573,0.072885323,0.054273933,0.054162487,0.051209183,0.039841747
PORTLAOISE,0.123979324,0.593902165,0.131657802,0.090643494,0.059817215,0.508989437,0.491010563,0.041233818,0.108438549,0.355521816,0.153667892,0.20121464,0.139923286,0.003583224,0.016794416,0.093849318,0.330716022,0.55505702,2.509464707,15.78951569,9.160227512,-2.309139606,34.42765078,9.533262076,36.65190614,10.59487625,10.39684697,0.061390366,0.062588958,0.288972957,0.304929208,0.06360027,0.068057532,0.043860963,0.046782531,0.033186006,0.026631208
PORTLAW-KILMACTHOMAS,0.118479524,0.505776988,0.16148219,0.124290695,0.089970602,0.501606618,0.498393382,0.038928769,0.151987852,0.321093319,0.132523468,0.211761458,0.143705135,0.002569115,0.012063669,0.084557386,0.307456018,0.593353812,2.153922348,14.14717305,5.456912746,1.177304855,37.49864234,11.43353175,35.92096561,6.111456391,5.952989269,0.056607643,0.061871881,0.257947631,0.247829357,0.079100294,0.082381896,0.059684146,0.06460655,0.045053668,0.044916934
RATHFARNHAM-TEMPLEOGUE,0.085576227,0.476668456,0.161908541,0.147995985,0.12785079,0.474427508,0.525572492,0.020235013,0.095598486,0.253216491,0.090181239,0.276877116,0.263891655,0.002614607,0.012550113,0.081595104,0.297290493,0.605949683,0.478760847,50.48596786,19.75368043,5.357020008,39.55496639,7.918743022,53.72927048,5.244109041,5.015830695,0.042741427,0.0428348,0.243049558,0.233618899,0.085879689,0.076028852,0.080067228,0.067928757,0.07383459,0.0540162
RATOATH,0.121933358,0.583702274,0.143870044,0.092739922,0.057754402,0.490862488,0.509137512,0.024563714,0.071122819,0.29667435,0.117550214,0.264603227,0.225485677,0.001729597,0.009100343,0.063303265,0.284345813,0.641520981,3.404175712,33.95969576,12.34834735,6.934609615,33.96734984,6.15052489,49.71639011,5.18876697,5.62513496,0.060916747,0.061016611,0.297759728,0.285942545,0.071535568,0.072334476,0.047568323,0.045171599,0.031357145,0.026397257
ROSCOMMON,0.104728192,0.497446271,0.155802781,0.130821745,0.111201011,0.498558786,0.501441214,0.056880734,0.146381244,0.357696228,0.140672783,0.174413863,0.123955148,0.004008102,0.018014912,0.107313709,0.33185364,0.538809637,2.972776849,23.41936753,10.25480478,-3.750405863,38.97118342,12.82645053,32.99884215,9.548470626,8.109193095,0.051630847,0.053097345,0.245461441,0.251984829,0.078280657,0.077522124,0.065689001,0.065132743,0.060379267,0.050821745
ROSCREA-TEMPLEMORE,0.109830409,0.512737684,0.155715439,0.12392629,0.097790177,0.500697452,0.499302548,0.050244553,0.15666222,0.375277901,0.154290796,0.163183637,0.100340892,0.003984304,0.016118322,0.102505282,0.327980682,0.54941141,0.34772878,8.7282383,3.857068783,-4.769183257,37.91450029,12.69206291,28.93899445,8.079034029,8.226641242,0.052859555,0.056970854,0.256295426,0.256442258,0.075324866,0.080390573,0.061963145,0.061963145,0.052859555,0.044930622
ROSSLARE,0.110511706,0.493636411,0.166553187,0.131042791,0.098255905,0.486775258,0.513224742,0.057762486,0.159941612,0.357835471,0.134292566,0.171410698,0.118757168,0.00332211,0.016520763,0.098900112,0.32664422,0.554612795,0.069913888,34.56888498,9.349955766,-3.642928465,37.50477241,13.34441107,31.52041925,9.055451925,7.971586425,0.0545226,0.055989106,0.256481433,0.237154978,0.086733358,0.079819829,0.064892893,0.066149898,0.050594459,0.047661447
RUSH-LUSK,0.138168808,0.599837372,0.134428362,0.075914783,0.051650675,0.486713287,0.513286713,0.032315623,0.087827121,0.317010309,0.133690193,0.237245572,0.191911182,0.002384284,0.011843674,0.075338206,0.299564609,0.610869227,1.002653858,31.32784733,10.61361994,4.173191635,33.01204819,7.66280295,44.43835616,6.664184661,6.827054975,0.068141161,0.070027647,0.311562856,0.288274516,0.066710034,0.067718328,0.038347699,0.037567084,0.028524963,0.023125711
SHANNON,0.111336196,0.550968317,0.140142614,0.115387732,0.082165141,0.491532291,0.508467709,0.030612245,0.103880897,0.369688859,0.139846102,0.206674473,0.149297424,0.003303055,0.016416185,0.093212221,0.329083402,0.557985136,0.828245333,21.73119173,14.33932993,0.303595203,34.87442563,8.439172877,38.88947203,8.223765815,7.488795721,0.053966453,0.057369743,0.280852443,0.270115874,0.070051049,0.070091565,0.059192934,0.056194798,0.044404829,0.037760311
SKIBBEREEN-WEST CORK,0.104265223,0.497483253,0.164402225,0.130189608,0.10365969,0.491882072,0.508117928,0.039790814,0.118008186,0.302637563,0.155222071,0.221085342,0.163256025,0.00347066,0.012629346,0.089626583,0.313259207,0.581014204,0.09053828,34.32306273,7.55047095,1.843283014,38.47926966,9.789354899,40.04607862,6.420414822,5.942564686,0.051583847,0.052681376,0.250614995,0.246868259,0.083714945,0.08068728,0.064413579,0.065776028,0.057790561,0.045869129
SLIGO-DRUMCLIFF,0.109734985,0.494673059,0.163004395,0.138899987,0.093687575,0.482620855,0.517379145,0.024396712,0.090426942,0.296870857,0.121453195,0.250331477,0.216520817,0.002825328,0.011245914,0.080660351,0.29605008,0.609218326,2.64399693,34.73028633,12.18381468,4.528946402,38.62996227,7.141090129,48.00032984,6.426735219,5.467659376,0.053935278,0.055799707,0.258489812,0.236183247,0.084365428,0.078638967,0.070581968,0.068318018,0.050006659,0.043680916
SLIGO-STRANDHILL,0.086708721,0.546536078,0.146303674,0.120849934,0.099601594,0.47836432,0.52163568,0.034586299,0.132339858,0.299043594,0.134564057,0.224644128,0.174822064,0.004561606,0.021655623,0.118985883,0.334533756,0.520263133,0.901875737,15.33061769,3.590930549,-1.573597305,33.84789813,10.92112922,42.7750291,12.79545051,8.84226302,0.041888004,0.044820717,0.279548473,0.266987605,0.07685923,0.069444444,0.064353696,0.056496237,0.058986277,0.040615317
SOUTH EAST INNER CITY,0.05841895,0.726398402,0.105565068,0.069434932,0.040182648,0.508675799,0.491324201,0.031179267,0.095574921,0.160989135,0.064282481,0.283216388,0.364757809,0.003789756,0.016004431,0.087164388,0.313850101,0.579191324,0.55867888,44.88590974,16.47293815,5.622254825,22.32827055,9.130931029,63.26430784,9.966040613,8.406973967,0.030821918,0.027597032,0.354195205,0.372203196,0.049657534,0.055907534,0.034018265,0.035416667,0.022631279,0.01755137
SOUTH WEST INNER CITY,0.051289214,0.737380227,0.098751292,0.064865771,0.047713496,0.508590105,0.491409895,0.036166667,0.100055556,0.188833333,0.081611111,0.283055556,0.310277778,0.004079302,0.021130782,0.100513992,0.329172446,0.545103478,0.587496094,33.76434707,12.64005742,4.767063654,20.84810381,9.802510594,58.51123371,9.747391543,8.252388849,0.024527195,0.026762019,0.358270246,0.379109981,0.048356007,0.050395285,0.032181468,0.032684303,0.028074978,0.019638517
STILLORGAN,0.093476531,0.526610979,0.147096261,0.118536197,0.114280032,0.469809069,0.530190931,0.007662566,0.021089631,0.197820738,0.055887522,0.331107206,0.386432337,0.002096239,0.007790501,0.060540642,0.267911895,0.661660722,0.859055704,39.47869532,15.74280421,11.36111864,34.43185926,2.109008405,71.95379776,4.633563463,4.905944319,0.046738266,0.046738266,0.275775656,0.250835322,0.07645187,0.070644391,0.064558473,0.053977725,0.066666667,0.047613365
SWINFORD,0.097839984,0.446807079,0.177982639,0.157526411,0.119843887,0.497005585,0.502994415,0.07112553,0.166708261,0.348015972,0.130646369,0.171449963,0.112053906,0.004167618,0.018040649,0.117549669,0.344485042,0.515757022,0.302762399,13.12293516,9.046015705,-5.404768893,40.37971881,15.31661845,32.05560913,10.10698839,9.440086557,0.049323733,0.048516251,0.223201669,0.22360541,0.091178252,0.086804387,0.075768791,0.081757621,0.06352197,0.056321916
SWORDS,0.104706379,0.638078404,0.13016409,0.077270089,0.049781037,0.491399778,0.508600222,0.024108161,0.07818863,0.343867079,0.143345822,0.232611174,0.177879133,0.002693709,0.013649637,0.079498382,0.324422211,0.579736062,1.583826913,31.79940247,12.88987569,3.405472946,30.66332916,6.607744108,43.58515713,7.261146497,7.040365815,0.050414182,0.054292196,0.321426687,0.316651717,0.068696249,0.061467842,0.039360523,0.037909566,0.02870258,0.021078457
TALLAGHT CENTRAL,0.083789211,0.563672876,0.113600166,0.146215636,0.092722111,0.487016135,0.512983865,0.042739297,0.212487555,0.330749538,0.157801166,0.158725644,0.0974968,0.004931994,0.022913859,0.114477392,0.353142997,0.504533758,0.400984568,34.72464139,13.83667918,-7.381191835,37.53109625,16.20169736,28.83712532,10.1611553,9.524984577,0.042102347,0.041686864,0.27948203,0.284190846,0.061179974,0.052420193,0.079599751,0.066615885,0.050619763,0.042102347
TALLAGHT SOUTH,0.150080356,0.657343306,0.09704537,0.071609593,0.023921375,0.473266164,0.526733836,0.058714079,0.146854111,0.390531321,0.158638274,0.145200193,0.100062022,0.004614454,0.017928287,0.102476171,0.322280498,0.55270059,0.904923264,18.29502666,7.285713897,-9.225323094,31.45907799,13.08046481,28.52006139,14.92537313,13.10864999,0.074267524,0.075812832,0.349425145,0.30791816,0.051520584,0.045524787,0.038539993,0.033069601,0.012980591,0.010940784
THURLES,0.109899749,0.490789474,0.159022556,0.135776942,0.104511278,0.487218045,0.512781955,0.039324427,0.138769851,0.382908999,0.123771112,0.19120242,0.124023191,0.003839276,0.014673399,0.105711581,0.326285895,0.54948985,0.037557326,0.399914045,7.656542815,-2.482476774,38.31331331,10.88933416,33.12268804,8.269645307,7.645259939,0.058082707,0.051817043,0.247807018,0.242982456,0.078634085,0.080388471,0.068233083,0.06754386,0.060025063,0.044486216
TRALEE,0.101499183,0.524435633,0.159031618,0.11969112,0.095342447,0.483912484,0.516087516,0.043371704,0.121574452,0.338210175,0.142072039,0.207129595,0.147642035,0.004218755,0.019139498,0.110308031,0.341564041,0.524769675,3.043666017,40.81822512,12.97137664,-3.608909321,35.27643227,10.3292717,38.95916659,13.16657192,10.5950096,0.050227834,0.051271349,0.270931163,0.25350447,0.080733243,0.078298376,0.061706494,0.057984626,0.052488782,0.042853664
TRAMORE-WATERFORD CITY WEST,0.107446327,0.549901956,0.152144401,0.109055257,0.081452059,0.492684398,0.507315602,0.032939714,0.116428423,0.335715765,0.146260617,0.21276155,0.15589393,0.004206569,0.016199767,0.10243444,0.32426385,0.552895373,1.415857984,20.64899899,5.442447679,-0.843348159,33.47982099,9.440879927,38.49679193,11.39007961,9.276373147,0.053999698,0.053446629,0.277942581,0.271959375,0.075217457,0.076926945,0.055306954,0.053748303,0.044848911,0.036603147
TRIM,0.127118315,0.560476209,0.143793384,0.098227789,0.070384302,0.492263544,0.507736456,0.042287777,0.128275537,0.334771693,0.137768712,0.200925781,0.155970501,0.002897738,0.012556864,0.081198978,0.305976195,0.597370225,0.293546798,17.0857575,5.240698248,0.682224317,35.51636527,10.51918517,37.47520201,6.785832506,7.171799028,0.062899911,0.064218405,0.286772405,0.273703804,0.070810874,0.072982511,0.047698453,0.050529336,0.039554814,0.030829488
TUAM,0.119932795,0.535532995,0.142703939,0.114427683,0.087402588,0.496532494,0.503467506,0.036227178,0.13552717,0.348271632,0.135455005,0.196940175,0.147578841,0.003324231,0.014662234,0.09233646,0.329098896,0.560578179,0.22062643,24.11997485,11.41564476,0.112645379,37.39590367,10.85815959,37.48802409,7.694826457,7.493904786,0.057624937,0.062307857,0.271895331,0.263637664,0.070422535,0.072281404,0.057267463,0.05716022,0.046257239,0.041145349
TULLAMORE,0.114693272,0.542546174,0.149488786,0.110075858,0.08319591,0.488291557,0.511708443,0.056235556,0.13549602,0.343576136,0.128220491,0.185739964,0.150731833,0.003650766,0.018081626,0.095436542,0.322094024,0.560737042,4.451713001,39.15371091,11.74812976,-2.36700125,36.04884036,11.96133924,35.96411598,9.721692718,9.295732617,0.055202836,0.059490435,0.277539578,0.265006596,0.076805739,0.072683047,0.054873021,0.055202836,0.047287269,0.035908641
TULLOW,0.119668321,0.537470947,0.153527232,0.114328789,0.075004711,0.487153716,0.512846284,0.040647145,0.157106565,0.325043455,0.169006552,0.183446985,0.124749298,0.003506535,0.017585804,0.104611625,0.313197322,0.561098714,0.58173119,21.34657512,5.741032156,-2.549635053,35.97033375,11.90917143,32.59521701,7.501399515,8.212669683,0.060242478,0.059425843,0.277278724,0.260192223,0.077831522,0.07569571,0.056661851,0.057666939,0.040831711,0.034173001
WATERFORD CITY EAST,0.110987059,0.516011165,0.158284699,0.114742451,0.099974626,0.481248414,0.518751586,0.019306622,0.086360805,0.291052522,0.111064978,0.269773718,0.222441354,0.003070445,0.013115186,0.088341083,0.302833582,0.592639705,0.225206368,9.826549482,8.852164952,3.877186173,36.21756773,6.714596662,49.32392322,8.069164265,7.356608479,0.055823395,0.055163664,0.265567115,0.25044405,0.0817559,0.0765288,0.059071302,0.055671149,0.056533875,0.043440751
WATERFORD CITY SOUTH,0.101529903,0.571776277,0.134313531,0.10605007,0.086330221,0.48738327,0.51261673,0.042193189,0.20400514,0.359713001,0.153030628,0.157421289,0.083636753,0.004779538,0.022433689,0.120177403,0.348389597,0.504219773,0.755702977,15.21317488,6.654355843,-8.966674448,33.216716,15.3164557,26.65556296,14.92537313,12.54812741,0.050764951,0.050764951,0.292370356,0.279405921,0.067752831,0.066560699,0.053596265,0.052453805,0.048132327,0.038197894
WESTPORT,0.099544973,0.498410522,0.166053731,0.140809076,0.095181699,0.479710777,0.520289223,0.042246759,0.124699952,0.319851176,0.120619299,0.21231397,0.180268843,0.002470044,0.013716628,0.092232499,0.323996216,0.567584612,0.188173344,14.59025876,7.69243216,1.450672401,38.48197724,10.61426936,42.25867989,7.79586096,6.162162162,0.048806333,0.05073864,0.262918407,0.235492115,0.08564483,0.080408901,0.070996696,0.069812379,0.051922957,0.043258742
WEXFORD,0.098559485,0.523688032,0.158103387,0.120029831,0.099619264,0.480551085,0.519448915,0.048804781,0.139442231,0.339028501,0.135075084,0.197057922,0.14059148,0.005020281,0.021311257,0.10951526,0.322661081,0.54149212,0.166657562,40.71588015,8.21626163,-3.207600836,36.02561258,11.78586847,35.24727779,10.7350341,8.6846543,0.047650822,0.050908663,0.270479256,0.253208777,0.082466538,0.075636849,0.062212976,0.057816854,0.056639322,0.042979943
WICKLOW,0.117573189,0.557727023,0.145514481,0.104112707,0.0750726,0.48563692,0.51436308,0.043331502,0.098987362,0.309443441,0.137294921,0.226783892,0.184158882,0.003175107,0.012636926,0.082616288,0.306429592,0.595142086,1.173801775,27.13613851,9.124137059,1.030607407,35.65489522,8.835282651,43.24074074,9.609995329,8.80613068,0.057334589,0.0602386,0.287693274,0.270033749,0.075033357,0.070481124,0.052389922,0.051722785,0.041911938,0.033160662
